module,source_set,api,source,line,android,desktop,composable,required_parameters,state_parameters,callbacks_or_builders,compose_slots,all_parameters_with_defaults
cupertino,commonMain,CupertinoActivityIndicator,cupertino/src/commonMain/kotlin/io/github/alexzhirkevich/cupertino/CupertinoActivityIndicator.kt,62,available (some APIs use nonIos actual),available (some APIs use nonIos actual),True,,,,,"modifier: Modifier = Modifier; size : Dp = CupertinoActivityIndicatorDefaults.MinSize; color: Color = CupertinoColors.Gray; count: Int = CupertinoActivityIndicatorDefaults.PathCount; innerRadius : Float = 1/3f; strokeWidth : Dp = Dp.Unspecified; animationSpec: InfiniteRepeatableSpec<Float> = infiniteRepeatable(         animation = tween(             durationMillis = CupertinoActivityIndicatorDefaults.DurationMillis,             easing = LinearEasing,         ),         repeatMode = RepeatMode.Restart,     ); minAlpha: Float = CupertinoActivityIndicatorDefaults.MinAlpha"
cupertino,commonMain,CupertinoActivityIndicator,cupertino/src/commonMain/kotlin/io/github/alexzhirkevich/cupertino/CupertinoActivityIndicator.kt,165,available (some APIs use nonIos actual),available (some APIs use nonIos actual),True,,,,,"modifier: Modifier = Modifier; progress : Float = 1f; size : Dp = CupertinoActivityIndicatorDefaults.MinSize; color: Color = CupertinoColors.Gray; count: Int = CupertinoActivityIndicatorDefaults.PathCount; innerRadius : Float = 1/3f; strokeWidth : Dp = Dp.Unspecified; animationSpec: InfiniteRepeatableSpec<Float> = infiniteRepeatable(         animation = tween(             durationMillis = CupertinoActivityIndicatorDefaults.DurationMillis,             easing = LinearEasing,         ),         repeatMode = RepeatMode.Restart,     ); minAlpha: Float = CupertinoActivityIndicatorDefaults.MinAlpha"
cupertino,commonMain,CupertinoBottomAppBar,cupertino/src/commonMain/kotlin/io/github/alexzhirkevich/cupertino/CupertinoBottomAppBar.kt,39,available (some APIs use nonIos actual),available (some APIs use nonIos actual),True,content: @Composable RowScope.() -> Unit,,,content: @Composable RowScope.() -> Unit,modifier: Modifier = Modifier; isTranslucent : Boolean = true; isTransparent : Boolean = false; containerColor: Color = CupertinoNavigationBarDefaults.containerColor; contentColor: Color = CupertinoTheme.colorScheme.accent; contentPadding: PaddingValues = CupertinoSectionDefaults.PaddingValues; windowInsets: WindowInsets = WindowInsets.navigationBars; content: @Composable RowScope.() -> Unit
cupertino,commonMain,CupertinoBottomSheetContent,cupertino/src/commonMain/kotlin/io/github/alexzhirkevich/cupertino/CupertinoBottomSheet.kt,70,available (some APIs use nonIos actual),available (some APIs use nonIos actual),True,content : @Composable (PaddingValues) -> Unit,,,topBar : @Composable () -> Unit = {}; bottomBar : @Composable () -> Unit = {}; content : @Composable (PaddingValues) -> Unit,modifier: Modifier = Modifier; containerColor: Color = LocalContainerColor.current.takeOrElse {         CupertinoBottomSheetDefaults.containerColor     }; contentColor: Color = LocalContentColor.current.takeOrElse {         CupertinoBottomSheetDefaults.contentColor     }; appBarsAlpha : Float = LocalAppBarsBlurAlpha.current; appBarsBlurRadius : Dp = LocalAppBarsBlurRadius.current; hasNavigationTitle : Boolean = false; topBar : @Composable () -> Unit = {}; bottomBar : @Composable () -> Unit = {}; content : @Composable (PaddingValues) -> Unit
cupertino,commonMain,CupertinoBottomSheetDefaults.DragHandle,cupertino/src/commonMain/kotlin/io/github/alexzhirkevich/cupertino/CupertinoBottomSheet.kt,132,available (some APIs use nonIos actual),available (some APIs use nonIos actual),True,,,,,modifier: Modifier = Modifier; width: Dp = DragHandleWidth; height: Dp = DragHandleHeight; shape: Shape = CircleShape; color: Color = CupertinoTheme.colorScheme.systemFill
cupertino,commonMain,PresentationDetent.calculate,cupertino/src/commonMain/kotlin/io/github/alexzhirkevich/cupertino/CupertinoBottomSheet.kt,184,available (some APIs use nonIos actual),available (some APIs use nonIos actual),False,density: Density; height: Float,,,,density: Density; height: Float
cupertino,commonMain,PresentationDetent.Large.calculate,cupertino/src/commonMain/kotlin/io/github/alexzhirkevich/cupertino/CupertinoBottomSheet.kt,193,available (some APIs use nonIos actual),available (some APIs use nonIos actual),False,density: Density; height: Float,,,,density: Density; height: Float
cupertino,commonMain,PresentationDetent.Height.hashCode,cupertino/src/commonMain/kotlin/io/github/alexzhirkevich/cupertino/CupertinoBottomSheet.kt,214,available (some APIs use nonIos actual),available (some APIs use nonIos actual),False,,,,,
cupertino,commonMain,PresentationDetent.Height.equals,cupertino/src/commonMain/kotlin/io/github/alexzhirkevich/cupertino/CupertinoBottomSheet.kt,218,available (some APIs use nonIos actual),available (some APIs use nonIos actual),False,other: Any?,,,,other: Any?
cupertino,commonMain,PresentationDetent.Height.calculate,cupertino/src/commonMain/kotlin/io/github/alexzhirkevich/cupertino/CupertinoBottomSheet.kt,222,available (some APIs use nonIos actual),available (some APIs use nonIos actual),False,density: Density; height: Float,,,,density: Density; height: Float
cupertino,commonMain,PresentationDetent.Height.toString,cupertino/src/commonMain/kotlin/io/github/alexzhirkevich/cupertino/CupertinoBottomSheet.kt,226,available (some APIs use nonIos actual),available (some APIs use nonIos actual),False,,,,,
cupertino,commonMain,PresentationDetent.Fraction.hashCode,cupertino/src/commonMain/kotlin/io/github/alexzhirkevich/cupertino/CupertinoBottomSheet.kt,246,available (some APIs use nonIos actual),available (some APIs use nonIos actual),False,,,,,
cupertino,commonMain,PresentationDetent.Fraction.equals,cupertino/src/commonMain/kotlin/io/github/alexzhirkevich/cupertino/CupertinoBottomSheet.kt,250,available (some APIs use nonIos actual),available (some APIs use nonIos actual),False,other: Any?,,,,other: Any?
cupertino,commonMain,PresentationDetent.Fraction.toString,cupertino/src/commonMain/kotlin/io/github/alexzhirkevich/cupertino/CupertinoBottomSheet.kt,254,available (some APIs use nonIos actual),available (some APIs use nonIos actual),False,,,,,
cupertino,commonMain,PresentationDetent.Fraction.calculate,cupertino/src/commonMain/kotlin/io/github/alexzhirkevich/cupertino/CupertinoBottomSheet.kt,258,available (some APIs use nonIos actual),available (some APIs use nonIos actual),False,density: Density; height: Float,,,,density: Density; height: Float
cupertino,commonMain,CupertinoSheetValue.PartiallyExpanded.equals,cupertino/src/commonMain/kotlin/io/github/alexzhirkevich/cupertino/CupertinoBottomSheet.kt,282,available (some APIs use nonIos actual),available (some APIs use nonIos actual),False,other: Any?,,,,other: Any?
cupertino,commonMain,CupertinoSheetValue.PartiallyExpanded.hashCode,cupertino/src/commonMain/kotlin/io/github/alexzhirkevich/cupertino/CupertinoBottomSheet.kt,286,available (some APIs use nonIos actual),available (some APIs use nonIos actual),False,,,,,
cupertino,commonMain,CupertinoSheetValue.PartiallyExpanded.toString,cupertino/src/commonMain/kotlin/io/github/alexzhirkevich/cupertino/CupertinoBottomSheet.kt,290,available (some APIs use nonIos actual),available (some APIs use nonIos actual),False,,,,,
cupertino,commonMain,PresentationStyle.Modal.equals,cupertino/src/commonMain/kotlin/io/github/alexzhirkevich/cupertino/CupertinoBottomSheet.kt,337,available (some APIs use nonIos actual),available (some APIs use nonIos actual),False,other: Any?,,,,other: Any?
cupertino,commonMain,PresentationStyle.Modal.hashCode,cupertino/src/commonMain/kotlin/io/github/alexzhirkevich/cupertino/CupertinoBottomSheet.kt,351,available (some APIs use nonIos actual),available (some APIs use nonIos actual),False,,,,,
cupertino,commonMain,PresentationStyle.Modal.toString,cupertino/src/commonMain/kotlin/io/github/alexzhirkevich/cupertino/CupertinoBottomSheet.kt,359,available (some APIs use nonIos actual),available (some APIs use nonIos actual),False,,,,,
cupertino,commonMain,CupertinoSheetState.requireOffset,cupertino/src/commonMain/kotlin/io/github/alexzhirkevich/cupertino/CupertinoBottomSheet.kt,431,available (some APIs use nonIos actual),available (some APIs use nonIos actual),False,,,,,
cupertino,commonMain,CupertinoSheetState.expand,cupertino/src/commonMain/kotlin/io/github/alexzhirkevich/cupertino/CupertinoBottomSheet.kt,449,available (some APIs use nonIos actual),available (some APIs use nonIos actual),False,,,,,
cupertino,commonMain,CupertinoSheetState.partialExpand,cupertino/src/commonMain/kotlin/io/github/alexzhirkevich/cupertino/CupertinoBottomSheet.kt,459,available (some APIs use nonIos actual),available (some APIs use nonIos actual),False,detent : PresentationDetent,,,,detent : PresentationDetent
cupertino,commonMain,CupertinoSheetState.show,cupertino/src/commonMain/kotlin/io/github/alexzhirkevich/cupertino/CupertinoBottomSheet.kt,475,available (some APIs use nonIos actual),available (some APIs use nonIos actual),False,,,,,
cupertino,commonMain,CupertinoSheetState.hide,cupertino/src/commonMain/kotlin/io/github/alexzhirkevich/cupertino/CupertinoBottomSheet.kt,491,available (some APIs use nonIos actual),available (some APIs use nonIos actual),False,,,,,
cupertino,commonMain,CupertinoSheetState.Companion.Saver,cupertino/src/commonMain/kotlin/io/github/alexzhirkevich/cupertino/CupertinoBottomSheet.kt,553,available (some APIs use nonIos actual),available (some APIs use nonIos actual),False,confirmValueChange: (CupertinoSheetValue) -> Boolean,,confirmValueChange: (CupertinoSheetValue) -> Boolean,,presentationStyle: PresentationStyle = PresentationStyle.Modal(); confirmValueChange: (CupertinoSheetValue) -> Boolean
cupertino,commonMain,rememberCupertinoSheetState,cupertino/src/commonMain/kotlin/io/github/alexzhirkevich/cupertino/CupertinoBottomSheet.kt,569,available (some APIs use nonIos actual),available (some APIs use nonIos actual),True,,,confirmValueChange: (CupertinoSheetValue) -> Boolean = { true },,initialValue: CupertinoSheetValue = CupertinoSheetValue.Hidden; presentationStyle: PresentationStyle = PresentationStyle.Modal(); confirmValueChange: (CupertinoSheetValue) -> Boolean = { true }
cupertino,commonMain,CupertinoBottomSheetScaffold,cupertino/src/commonMain/kotlin/io/github/alexzhirkevich/cupertino/CupertinoBottomSheetScaffold.kt,105,available (some APIs use nonIos actual),available (some APIs use nonIos actual),True,sheetContent: @Composable () -> Unit; content: @Composable (PaddingValues) -> Unit,scaffoldState: CupertinoBottomSheetScaffoldState = rememberCupertinoBottomSheetScaffoldState(),,sheetContent: @Composable () -> Unit; sheetDragHandle: @Composable (() -> Unit)? = if (scaffoldState.bottomSheetState.hasPartiallyExpandedState)         null else {         { CupertinoBottomSheetDefaults.DragHandle() }     }; topBar: @Composable (() -> Unit)? = null; bottomBar: @Composable (() -> Unit)? = null; content: @Composable (PaddingValues) -> Unit,sheetContent: @Composable () -> Unit; modifier: Modifier = Modifier; windowInsets: WindowInsets = CupertinoScaffoldDefaults.contentWindowInsets; scaffoldState: CupertinoBottomSheetScaffoldState = rememberCupertinoBottomSheetScaffoldState(); colors: CupertinoBottomSheetScaffoldColors = CupertinoBottomSheetScaffoldDefaults.colors(); sheetShape: Shape = CupertinoBottomSheetDefaults.shape; sheetShadowElevation: Dp = CupertinoBottomSheetDefaults.ShadowElevation; sheetDragHandle: @Composable (() -> Unit)? = if (scaffoldState.bottomSheetState.hasPartiallyExpandedState)         null else {         { CupertinoBottomSheetDefaults.DragHandle() }     }; sheetSwipeEnabled: Boolean = true; topBar: @Composable (() -> Unit)? = null; bottomBar: @Composable (() -> Unit)? = null; appBarsBlurAlpha: Float = CupertinoScaffoldDefaults.AppBarsBlurAlpha; appBarsBlurRadius: Dp = CupertinoScaffoldDefaults.AppBarsBlurRadius; hasNavigationTitle: Boolean = false; content: @Composable (PaddingValues) -> Unit
cupertino,commonMain,rememberCupertinoBottomSheetScaffoldState,cupertino/src/commonMain/kotlin/io/github/alexzhirkevich/cupertino/CupertinoBottomSheetScaffold.kt,195,available (some APIs use nonIos actual),available (some APIs use nonIos actual),True,,bottomSheetState: CupertinoSheetState = rememberCupertinoSheetState(),,,bottomSheetState: CupertinoSheetState = rememberCupertinoSheetState()
cupertino,commonMain,CupertinoBottomSheetScaffoldDefaults.colors,cupertino/src/commonMain/kotlin/io/github/alexzhirkevich/cupertino/CupertinoBottomSheetScaffold.kt,219,available (some APIs use nonIos actual),available (some APIs use nonIos actual),True,,,,,sheetContainerColor: Color = CupertinoBottomSheetDefaults.containerColor; sheetContentColor: Color = CupertinoBottomSheetDefaults.contentColor; containerColor: Color = CupertinoTheme.colorScheme.systemBackground; contentColor: Color = CupertinoTheme.colorScheme.label; scrimColor: Color = CupertinoColors.DefaultAlpha; scaledScaffoldBackgroundColor: Color = CupertinoColors.Black
cupertino,commonMain,CupertinoButton,cupertino/src/commonMain/kotlin/io/github/alexzhirkevich/cupertino/CupertinoButton.kt,88,available (some APIs use nonIos actual),available (some APIs use nonIos actual),True,onClick: () -> Unit; content: @Composable RowScope.() -> Unit,,onClick: () -> Unit,content: @Composable RowScope.() -> Unit,onClick: () -> Unit; modifier: Modifier = Modifier; enabled: Boolean = true; size: CupertinoButtonSize = CupertinoButtonSize.Regular; colors: CupertinoButtonColors = filledButtonColors(); border: BorderStroke? = null; shape: Shape = size.shape(CupertinoTheme.shapes); contentPadding: PaddingValues = size.contentPadding; interactionSource: MutableInteractionSource = remember { MutableInteractionSource() }; content: @Composable RowScope.() -> Unit
cupertino,commonMain,CupertinoIconButton,cupertino/src/commonMain/kotlin/io/github/alexzhirkevich/cupertino/CupertinoButton.kt,145,available (some APIs use nonIos actual),available (some APIs use nonIos actual),True,onClick: () -> Unit; content: @Composable () -> Unit,,onClick: () -> Unit,content: @Composable () -> Unit,onClick: () -> Unit; modifier: Modifier = Modifier; enabled: Boolean = true; colors: CupertinoButtonColors = plainButtonColors(); border: BorderStroke? = null; interactionSource: MutableInteractionSource = remember { MutableInteractionSource() }; content: @Composable () -> Unit
cupertino,commonMain,CupertinoButtonColors.containerColor,cupertino/src/commonMain/kotlin/io/github/alexzhirkevich/cupertino/CupertinoButton.kt,194,available (some APIs use nonIos actual),available (some APIs use nonIos actual),True,enabled: Boolean,,,,enabled: Boolean
cupertino,commonMain,CupertinoButtonColors.contentColor,cupertino/src/commonMain/kotlin/io/github/alexzhirkevich/cupertino/CupertinoButton.kt,204,available (some APIs use nonIos actual),available (some APIs use nonIos actual),True,enabled: Boolean,,,,enabled: Boolean
cupertino,commonMain,CupertinoButtonColors.equals,cupertino/src/commonMain/kotlin/io/github/alexzhirkevich/cupertino/CupertinoButton.kt,208,available (some APIs use nonIos actual),available (some APIs use nonIos actual),False,other: Any?,,,,other: Any?
cupertino,commonMain,CupertinoButtonColors.hashCode,cupertino/src/commonMain/kotlin/io/github/alexzhirkevich/cupertino/CupertinoButton.kt,220,available (some APIs use nonIos actual),available (some APIs use nonIos actual),False,,,,,
cupertino,commonMain,CupertinoButtonDefaults.grayButtonColors,cupertino/src/commonMain/kotlin/io/github/alexzhirkevich/cupertino/CupertinoButton.kt,238,available (some APIs use nonIos actual),available (some APIs use nonIos actual),True,,,,,contentColor: Color = CupertinoTheme.colorScheme.accent; containerColor: Color = CupertinoTheme.colorScheme.quaternarySystemFill; disabledContentColor: Color = CupertinoTheme.colorScheme.tertiaryLabel; disabledContainerColor: Color = CupertinoTheme.colorScheme.quaternarySystemFill; indicationColor: Color = CupertinoColors.DefaultAlpha
cupertino,commonMain,CupertinoButtonDefaults.plainButtonColors,cupertino/src/commonMain/kotlin/io/github/alexzhirkevich/cupertino/CupertinoButton.kt,257,available (some APIs use nonIos actual),available (some APIs use nonIos actual),True,,,,,contentColor: Color = CupertinoTheme.colorScheme.accent; containerColor: Color = Color.Transparent; disabledContentColor: Color = CupertinoTheme.colorScheme.tertiaryLabel; disabledContainerColor: Color = Color.Transparent; indicationColor: Color = Color.Transparent
cupertino,commonMain,CupertinoButtonDefaults.filledButtonColors,cupertino/src/commonMain/kotlin/io/github/alexzhirkevich/cupertino/CupertinoButton.kt,277,available (some APIs use nonIos actual),available (some APIs use nonIos actual),True,,,,,contentColor: Color = Color.White; containerColor: Color = CupertinoTheme.colorScheme.accent; disabledContentColor: Color = CupertinoTheme.colorScheme.tertiaryLabel; disabledContainerColor: Color = CupertinoTheme.colorScheme.quaternarySystemFill; indicationColor: Color = contentColor.copy(alpha = .2f)
cupertino,commonMain,CupertinoButtonDefaults.tintedButtonColors,cupertino/src/commonMain/kotlin/io/github/alexzhirkevich/cupertino/CupertinoButton.kt,296,available (some APIs use nonIos actual),available (some APIs use nonIos actual),True,,,,,contentColor: Color = CupertinoTheme.colorScheme.accent; containerColor: Color = contentColor.copy(alpha = CupertinoButtonTokens.BorderedButtonAlpha); disabledContentColor: Color = CupertinoTheme.colorScheme.tertiaryLabel; disabledContainerColor: Color = CupertinoTheme.colorScheme.quaternarySystemFill; indicationColor: Color = contentColor.copy(alpha = .15f)
cupertino,commonMain,CupertinoButtonDefaults.borderedProminentButtonColors,cupertino/src/commonMain/kotlin/io/github/alexzhirkevich/cupertino/CupertinoButton.kt,322,available (some APIs use nonIos actual),available (some APIs use nonIos actual),True,,,,,contentColor: Color = Color.White; containerColor: Color = CupertinoTheme.colorScheme.accent; disabledContentColor: Color = CupertinoTheme.colorScheme.tertiaryLabel; disabledContainerColor: Color = CupertinoTheme.colorScheme.quaternarySystemFill; indicationColor: Color = contentColor.copy(alpha = .2f)
cupertino,commonMain,CupertinoButtonDefaults.borderedButtonColors,cupertino/src/commonMain/kotlin/io/github/alexzhirkevich/cupertino/CupertinoButton.kt,348,available (some APIs use nonIos actual),available (some APIs use nonIos actual),True,,,,,contentColor: Color = CupertinoTheme.colorScheme.accent; containerColor: Color = contentColor.copy(alpha = CupertinoButtonTokens.BorderedButtonAlpha); disabledContentColor: Color = CupertinoTheme.colorScheme.tertiaryLabel; disabledContainerColor: Color = CupertinoTheme.colorScheme.quaternarySystemFill; indicationColor: Color = contentColor.copy(alpha = .15f)
cupertino,commonMain,CupertinoButtonDefaults.borderlessButtonColors,cupertino/src/commonMain/kotlin/io/github/alexzhirkevich/cupertino/CupertinoButton.kt,374,available (some APIs use nonIos actual),available (some APIs use nonIos actual),True,,,,,contentColor: Color = CupertinoTheme.colorScheme.accent; containerColor: Color = Color.Transparent; disabledContentColor: Color = CupertinoTheme.colorScheme.tertiaryLabel; disabledContainerColor: Color = Color.Transparent; indicationColor: Color = Color.Transparent
cupertino,commonMain,CupertinoButtonDefaults.borderedGrayButtonColors,cupertino/src/commonMain/kotlin/io/github/alexzhirkevich/cupertino/CupertinoButton.kt,400,available (some APIs use nonIos actual),available (some APIs use nonIos actual),True,,,,,contentColor: Color = CupertinoTheme.colorScheme.accent; containerColor: Color = CupertinoTheme.colorScheme.quaternarySystemFill; disabledContentColor: Color = CupertinoTheme.colorScheme.tertiaryLabel; disabledContainerColor: Color = CupertinoTheme.colorScheme.quaternarySystemFill; indicationColor: Color = CupertinoColors.DefaultAlpha
cupertino,commonMain,CupertinoCheckBox,cupertino/src/commonMain/kotlin/io/github/alexzhirkevich/cupertino/CupertinoCheckbox.kt,36,available (some APIs use nonIos actual),available (some APIs use nonIos actual),True,checked: Boolean; onCheckedChange: ((Boolean) -> Unit)?,,onCheckedChange: ((Boolean) -> Unit)?,,checked: Boolean; onCheckedChange: ((Boolean) -> Unit)?; modifier: Modifier = Modifier; enabled: Boolean = true; colors: CupertinoCheckboxColors = CupertinoCheckboxDefaults.colors(); interactionSource: MutableInteractionSource = remember { MutableInteractionSource() }
cupertino,commonMain,CupertinoTriStateCheckBox,cupertino/src/commonMain/kotlin/io/github/alexzhirkevich/cupertino/CupertinoCheckbox.kt,59,available (some APIs use nonIos actual),available (some APIs use nonIos actual),True,state: ToggleableState; onClick: (() -> Unit)?,state: ToggleableState,onClick: (() -> Unit)?,,state: ToggleableState; onClick: (() -> Unit)?; modifier: Modifier = Modifier; enabled: Boolean = true; colors: CupertinoCheckboxColors = CupertinoCheckboxDefaults.colors(); interactionSource: MutableInteractionSource = remember { MutableInteractionSource() }
cupertino,commonMain,CupertinoCheckboxDefaults.colors,cupertino/src/commonMain/kotlin/io/github/alexzhirkevich/cupertino/CupertinoCheckbox.kt,97,available (some APIs use nonIos actual),available (some APIs use nonIos actual),True,,,,,checkedCheckmarkColor: Color = CupertinoTheme.colorScheme.systemBackground; uncheckedCheckmarkColor: Color = Color.Transparent; checkedBoxColor: Color = CupertinoTheme.colorScheme.accent; uncheckedBoxColor: Color = Color.Transparent; disabledCheckedBoxColor: Color = CupertinoTheme.colorScheme.secondarySystemBackground; disabledUncheckedBoxColor: Color = uncheckedBoxColor; disabledIndeterminateBoxColor: Color = disabledCheckedBoxColor; checkedBorderColor: Color = Color.Transparent; uncheckedBorderColor: Color = CupertinoTheme.colorScheme.systemFill; disabledBorderColor: Color = checkedBorderColor; disabledUncheckedBorderColor: Color = CupertinoTheme.colorScheme.quaternarySystemFill; disabledIndeterminateBorderColor: Color = disabledBorderColor
cupertino,commonMain,CupertinoCheckboxColors.copy,cupertino/src/commonMain/kotlin/io/github/alexzhirkevich/cupertino/CupertinoCheckbox.kt,169,available (some APIs use nonIos actual),available (some APIs use nonIos actual),False,,,,,checkedCheckmarkColor: Color = this.checkedCheckmarkColor; uncheckedCheckmarkColor: Color = this.uncheckedCheckmarkColor; checkedBoxColor: Color = this.checkedBoxColor; uncheckedBoxColor: Color = this.uncheckedBoxColor; disabledCheckedBoxColor: Color = this.disabledCheckedBoxColor; disabledUncheckedBoxColor: Color = this.disabledUncheckedBoxColor; disabledIndeterminateBoxColor: Color = this.disabledIndeterminateBoxColor; checkedBorderColor: Color = this.checkedBorderColor; uncheckedBorderColor: Color = this.uncheckedBorderColor; disabledBorderColor: Color = this.disabledBorderColor; disabledUncheckedBorderColor: Color = this.disabledUncheckedBorderColor; disabledIndeterminateBorderColor: Color = this.disabledIndeterminateBorderColor
cupertino,commonMain,CupertinoCheckboxColors.equals,cupertino/src/commonMain/kotlin/io/github/alexzhirkevich/cupertino/CupertinoCheckbox.kt,265,available (some APIs use nonIos actual),available (some APIs use nonIos actual),False,other: Any?,,,,other: Any?
cupertino,commonMain,CupertinoCheckboxColors.hashCode,cupertino/src/commonMain/kotlin/io/github/alexzhirkevich/cupertino/CupertinoCheckbox.kt,283,available (some APIs use nonIos actual),available (some APIs use nonIos actual),False,,,,,
cupertino,commonMain,rememberCupertinoDatePickerState,cupertino/src/commonMain/kotlin/io/github/alexzhirkevich/cupertino/CupertinoDatePicker.kt,127,available (some APIs use nonIos actual),available (some APIs use nonIos actual),True,,,,,initialSelectedDateMillis: Long = CupertinoDatePickerDefaults.today.utcTimeMillis; yearRange: IntRange = CupertinoDatePickerDefaults.YearRangeLarge
cupertino,commonMain,CupertinoDatePicker,cupertino/src/commonMain/kotlin/io/github/alexzhirkevich/cupertino/CupertinoDatePicker.kt,145,available (some APIs use nonIos actual),available (some APIs use nonIos actual),True,state: CupertinoDatePickerState,state: CupertinoDatePickerState,,,state: CupertinoDatePickerState; modifier: Modifier = Modifier; style: DatePickerStyle = DatePickerStyle.Wheel(); containerColor: Color = LocalContainerColor.current.takeOrElse {         CupertinoTheme.colorScheme.secondarySystemGroupedBackground     }
cupertino,commonMain,CupertinoDatePickerState.setSelection,cupertino/src/commonMain/kotlin/io/github/alexzhirkevich/cupertino/CupertinoDatePicker.kt,245,available (some APIs use nonIos actual),available (some APIs use nonIos actual),False,"@Suppress(""AutoBoxing"") dateMillis: Long",,,,"@Suppress(""AutoBoxing"") dateMillis: Long"
cupertino,commonMain,CupertinoDatePickerState.Companion.Saver,cupertino/src/commonMain/kotlin/io/github/alexzhirkevich/cupertino/CupertinoDatePicker.kt,265,available (some APIs use nonIos actual),available (some APIs use nonIos actual),False,,,,,
cupertino,commonMain,CupertinoDatePickerColors.equals,cupertino/src/commonMain/kotlin/io/github/alexzhirkevich/cupertino/CupertinoDatePicker.kt,385,available (some APIs use nonIos actual),available (some APIs use nonIos actual),False,other: Any?,,,,other: Any?
cupertino,commonMain,CupertinoDatePickerColors.hashCode,cupertino/src/commonMain/kotlin/io/github/alexzhirkevich/cupertino/CupertinoDatePicker.kt,406,available (some APIs use nonIos actual),available (some APIs use nonIos actual),False,,,,,
cupertino,commonMain,calculatePagerHeight,cupertino/src/commonMain/kotlin/io/github/alexzhirkevich/cupertino/CupertinoDatePicker.kt,1426,available (some APIs use nonIos actual),available (some APIs use nonIos actual),False,verticalSpacing: Dp; maxDaySize: Dp,,,,verticalSpacing: Dp; maxDaySize: Dp
cupertino,commonMain,rememberCupertinoDateTimePickerState,cupertino/src/commonMain/kotlin/io/github/alexzhirkevich/cupertino/CupertinoDateTimePicker.kt,71,available (some APIs use nonIos actual),available (some APIs use nonIos actual),True,,,,,initialSelectedDateMillis: Long = CupertinoDatePickerDefaults.today.utcTimeMillis; initialHour: Int = 0; initialMinute: Int = 0; is24Hour: Boolean = PlatformDateFormat.is24HourFormat(defaultLocale()); yearRange: IntRange = CupertinoDatePickerDefaults.YearRangeSmall
cupertino,commonMain,CupertinoDateTimePicker,cupertino/src/commonMain/kotlin/io/github/alexzhirkevich/cupertino/CupertinoDateTimePicker.kt,96,available (some APIs use nonIos actual),available (some APIs use nonIos actual),True,state: CupertinoDateTimePickerState,state: CupertinoDateTimePickerState,,,state: CupertinoDateTimePickerState; style: DatePickerStyle = DatePickerStyle.Wheel(); containerColor : Color = LocalContainerColor.current.takeOrElse {         CupertinoTheme.colorScheme.secondarySystemGroupedBackground     }; modifier: Modifier = Modifier
cupertino,commonMain,DatePickerStyle.Pager.equals,cupertino/src/commonMain/kotlin/io/github/alexzhirkevich/cupertino/CupertinoDateTimePicker.kt,134,available (some APIs use nonIos actual),available (some APIs use nonIos actual),False,other: Any?,,,,other: Any?
cupertino,commonMain,DatePickerStyle.Pager.hashCode,cupertino/src/commonMain/kotlin/io/github/alexzhirkevich/cupertino/CupertinoDateTimePicker.kt,149,available (some APIs use nonIos actual),available (some APIs use nonIos actual),False,,,,,
cupertino,commonMain,DatePickerStyle.Wheel.equals,cupertino/src/commonMain/kotlin/io/github/alexzhirkevich/cupertino/CupertinoDateTimePicker.kt,171,available (some APIs use nonIos actual),available (some APIs use nonIos actual),False,other: Any?,,,,other: Any?
cupertino,commonMain,DatePickerStyle.Wheel.hashCode,cupertino/src/commonMain/kotlin/io/github/alexzhirkevich/cupertino/CupertinoDateTimePicker.kt,183,available (some APIs use nonIos actual),available (some APIs use nonIos actual),False,,,,,
cupertino,commonMain,DatePickerStyle.Companion.Pager,cupertino/src/commonMain/kotlin/io/github/alexzhirkevich/cupertino/CupertinoDateTimePicker.kt,192,available (some APIs use nonIos actual),available (some APIs use nonIos actual),True,,,,,textStyles: CupertinoDatePickerTextStyles = CupertinoDatePickerDefaults.pagerTextStyles(); colors: CupertinoDatePickerColors = CupertinoDatePickerDefaults.pagerColors(); rowSpacing : Dp = 6.dp; rowMaxHeight : Dp = CupertinoButtonTokens.IconButtonSize; userScrollEnabled : Boolean = true
cupertino,commonMain,CupertinoDateTimePickerState.setSelection,cupertino/src/commonMain/kotlin/io/github/alexzhirkevich/cupertino/CupertinoDateTimePicker.kt,720,available (some APIs use nonIos actual),available (some APIs use nonIos actual),False,"@Suppress(""AutoBoxing"") dateMillis: Long",,,,"@Suppress(""AutoBoxing"") dateMillis: Long"
cupertino,commonMain,CupertinoDateTimePickerState.Companion.Saver,cupertino/src/commonMain/kotlin/io/github/alexzhirkevich/cupertino/CupertinoDateTimePicker.kt,733,available (some APIs use nonIos actual),available (some APIs use nonIos actual),False,is24Hour : Boolean,,,,is24Hour : Boolean
cupertino,commonMain,CupertinoDatePickerDefaults.pagerTextStyles,cupertino/src/commonMain/kotlin/io/github/alexzhirkevich/cupertino/CupertinoDateTimePicker.kt,799,available (some APIs use nonIos actual),available (some APIs use nonIos actual),True,,,,,headline : TextStyle = CupertinoTheme.typography.headline; day : TextStyle = CupertinoTheme.typography.title3; selectedDay : TextStyle = day.copy(fontWeight = FontWeight.Bold); weekday : TextStyle = CupertinoTheme.typography.footnote             .copy(fontWeight = FontWeight.SemiBold); monthWheel : TextStyle = CupertinoPickerDefaults.textStyle
cupertino,commonMain,CupertinoDatePickerDefaults.pagerColors,cupertino/src/commonMain/kotlin/io/github/alexzhirkevich/cupertino/CupertinoDateTimePicker.kt,815,available (some APIs use nonIos actual),available (some APIs use nonIos actual),True,,,,,chevronsColor : Color = CupertinoTheme.colorScheme.accent; headlineContentColor: Color = CupertinoTheme.colorScheme.label; weekdayContentColor: Color = CupertinoTheme.colorScheme.tertiaryLabel; todayContentColor: Color = CupertinoTheme.colorScheme.accent; dayContentColor: Color = CupertinoTheme.colorScheme.label; disabledDayContentColor: Color = dayContentColor.copy(alpha = 0.38f); disabledSelectedDayContentColor: Color = todayContentColor.copy(alpha = 0.38f); selectedDayContentColor: Color = todayContentColor; selectedDayContainerColor: Color = todayContentColor.copy(alpha = CupertinoButtonTokens.BorderedButtonAlpha); disabledSelectedDayContainerColor: Color = selectedDayContainerColor.copy(alpha = 0.38f); dayInSelectionRangeContentColor: Color = CupertinoTheme.colorScheme.label; dayInSelectionRangeContainerColor: Color = CupertinoTheme.colorScheme.label
cupertino,commonMain,AlertDialogActionsScope.action,cupertino/src/commonMain/kotlin/io/github/alexzhirkevich/cupertino/CupertinoDialogs.kt,150,available (some APIs use nonIos actual),available (some APIs use nonIos actual),False,onClick : () -> Unit; title : @Composable () -> Unit,,onClick : () -> Unit,title : @Composable () -> Unit,onClick : () -> Unit; style : AlertActionStyle = AlertActionStyle.Default; enabled : Boolean = true; title : @Composable () -> Unit
cupertino,commonMain,AlertDialogActionsScope.default,cupertino/src/commonMain/kotlin/io/github/alexzhirkevich/cupertino/CupertinoDialogs.kt,161,available (some APIs use nonIos actual),available (some APIs use nonIos actual),False,onClick : () -> Unit; title : @Composable () -> Unit,,onClick : () -> Unit,title : @Composable () -> Unit,onClick : () -> Unit; enabled : Boolean = true; title : @Composable () -> Unit
cupertino,commonMain,AlertDialogActionsScope.destructive,cupertino/src/commonMain/kotlin/io/github/alexzhirkevich/cupertino/CupertinoDialogs.kt,175,available (some APIs use nonIos actual),available (some APIs use nonIos actual),False,onClick : () -> Unit; title : @Composable () -> Unit,,onClick : () -> Unit,title : @Composable () -> Unit,onClick : () -> Unit; enabled : Boolean = true; title : @Composable () -> Unit
cupertino,commonMain,AlertDialogActionsScope.cancel,cupertino/src/commonMain/kotlin/io/github/alexzhirkevich/cupertino/CupertinoDialogs.kt,189,available (some APIs use nonIos actual),available (some APIs use nonIos actual),False,onClick : () -> Unit; title : @Composable () -> Unit,,onClick : () -> Unit,title : @Composable () -> Unit,onClick : () -> Unit; enabled : Boolean = true; title : @Composable () -> Unit
cupertino,commonMain,CupertinoAlertDialog,cupertino/src/commonMain/kotlin/io/github/alexzhirkevich/cupertino/CupertinoDialogs.kt,213,available (some APIs use nonIos actual),available (some APIs use nonIos actual),True,onDismissRequest: () -> Unit; title: @Composable () -> Unit; buttons: AlertDialogActionsScope.() -> Unit,,onDismissRequest: () -> Unit; buttons: AlertDialogActionsScope.() -> Unit,title: @Composable () -> Unit; message: (@Composable () -> Unit)? = null,onDismissRequest: () -> Unit; title: @Composable () -> Unit; message: (@Composable () -> Unit)? = null; containerColor: Color = CupertinoDialogsDefaults.ContainerColor; shape: Shape = CupertinoDialogsDefaults.Shape; shadowElevation : Dp = CupertinoDialogsTokens.AlertDialogElevation; properties: DialogProperties = DialogProperties(); buttonsOrientation: Orientation = CupertinoDialogsDefaults.ButtonOrientation; buttons: AlertDialogActionsScope.() -> Unit
cupertino,commonMain,CupertinoActionSheet,cupertino/src/commonMain/kotlin/io/github/alexzhirkevich/cupertino/CupertinoDialogs.kt,320,available (some APIs use nonIos actual),available (some APIs use nonIos actual),True,visible : Boolean; onDismissRequest : () -> Unit; buttons : AlertDialogActionsScope.() -> Unit,,onDismissRequest : () -> Unit; buttons : AlertDialogActionsScope.() -> Unit,title : (@Composable () -> Unit)? = null; message : (@Composable () -> Unit)? = null; content  : (@Composable () -> Unit) ?= null,visible : Boolean; onDismissRequest : () -> Unit; title : (@Composable () -> Unit)? = null; message : (@Composable () -> Unit)? = null; containerColor : Color = CupertinoDialogsDefaults.ContainerColor; secondaryContainerColor : Color = CupertinoTheme.colorScheme.tertiarySystemBackground; properties: DialogProperties = DialogProperties(); content  : (@Composable () -> Unit) ?= null; buttons : AlertDialogActionsScope.() -> Unit
cupertino,commonMain,CupertinoDropdownMenu,cupertino/src/commonMain/kotlin/io/github/alexzhirkevich/cupertino/CupertinoDropdownMenu.kt,110,available (some APIs use nonIos actual),available (some APIs use nonIos actual),True,expanded: Boolean; onDismissRequest: () -> Unit; content: @Composable CupertinoMenuScope.() -> Unit,scrollState: ScrollState = rememberScrollState(),onDismissRequest: () -> Unit,content: @Composable CupertinoMenuScope.() -> Unit,"expanded: Boolean; onDismissRequest: () -> Unit; modifier: Modifier = Modifier; offset: DpOffset = DpOffset(0.dp, 0.dp); paddingValues: PaddingValues = CupertinoDropdownMenuDefaults.PaddingValues; containerColor: Color = CupertinoDropdownMenuDefaults.ContainerColor; width: Dp = CupertinoDropdownMenuDefaults.DefaultWidth; elevation: Dp = CupertinoDropdownMenuDefaults.Elevation; scrollState: ScrollState = rememberScrollState(); properties: PopupProperties = PopupProperties(focusable = true); content: @Composable CupertinoMenuScope.() -> Unit"
cupertino,commonMain,CupertinoMenuScope.MenuItem,cupertino/src/commonMain/kotlin/io/github/alexzhirkevich/cupertino/CupertinoDropdownMenu.kt,176,available (some APIs use nonIos actual),available (some APIs use nonIos actual),True,content: @Composable (padding: PaddingValues) -> Unit,,,content: @Composable (padding: PaddingValues) -> Unit,modifier: Modifier = Modifier; minHeight: Dp = MinItemHeight; content: @Composable (padding: PaddingValues) -> Unit
cupertino,commonMain,CupertinoMenuScope.MenuSection,cupertino/src/commonMain/kotlin/io/github/alexzhirkevich/cupertino/CupertinoDropdownMenu.kt,206,available (some APIs use nonIos actual),available (some APIs use nonIos actual),True,content: @Composable CupertinoMenuScope.() -> Unit,,,noinline title: (@Composable () -> Unit)? = null; content: @Composable CupertinoMenuScope.() -> Unit,noinline title: (@Composable () -> Unit)? = null; content: @Composable CupertinoMenuScope.() -> Unit
cupertino,commonMain,CupertinoMenuScope.MenuTitle,cupertino/src/commonMain/kotlin/io/github/alexzhirkevich/cupertino/CupertinoDropdownMenu.kt,221,available (some APIs use nonIos actual),available (some APIs use nonIos actual),True,title: @Composable () -> Unit,,,title: @Composable () -> Unit,modifier: Modifier = Modifier; title: @Composable () -> Unit
cupertino,commonMain,CupertinoMenuScope.MenuAction,cupertino/src/commonMain/kotlin/io/github/alexzhirkevich/cupertino/CupertinoDropdownMenu.kt,259,available (some APIs use nonIos actual),available (some APIs use nonIos actual),True,onClick: () -> Unit; title: @Composable () -> Unit,,onClick: () -> Unit,icon: (@Composable () -> Unit) = {}; caption: @Composable () -> Unit = {}; title: @Composable () -> Unit,onClick: () -> Unit; modifier: Modifier = Modifier; onClickLabel: String? = null; enabled: Boolean = true; contentColor: Color = CupertinoDropdownMenuDefaults.ContentColor; icon: (@Composable () -> Unit) = {}; caption: @Composable () -> Unit = {}; title: @Composable () -> Unit
cupertino,commonMain,CupertinoMenuScope.MenuPickerAction,cupertino/src/commonMain/kotlin/io/github/alexzhirkevich/cupertino/CupertinoDropdownMenu.kt,301,available (some APIs use nonIos actual),available (some APIs use nonIos actual),True,isSelected: Boolean; onClick: () -> Unit; title: @Composable () -> Unit,,onClick: () -> Unit,selectionIcon: (@Composable () -> Unit) = { CupertinoDropdownMenuDefaults.PickerLeadingIcon() }; icon: (@Composable () -> Unit) = {}; caption: @Composable () -> Unit = {}; title: @Composable () -> Unit,isSelected: Boolean; onClick: () -> Unit; modifier: Modifier = Modifier; onClickLabel: String? = null; enabled: Boolean = true; contentColor: Color = CupertinoDropdownMenuDefaults.ContentColor; selectionIcon: (@Composable () -> Unit) = { CupertinoDropdownMenuDefaults.PickerLeadingIcon() }; icon: (@Composable () -> Unit) = {}; caption: @Composable () -> Unit = {}; title: @Composable () -> Unit
cupertino,commonMain,CupertinoMenuScope.MenuDivider,cupertino/src/commonMain/kotlin/io/github/alexzhirkevich/cupertino/CupertinoDropdownMenu.kt,362,available (some APIs use nonIos actual),available (some APIs use nonIos actual),True,,,,,modifier: Modifier = Modifier; color: Color? = null; height: Dp = DividerHeight
cupertino,commonMain,CupertinoDropdownMenuDefaults.PickerLeadingIcon,cupertino/src/commonMain/kotlin/io/github/alexzhirkevich/cupertino/CupertinoDropdownMenu.kt,474,available (some APIs use nonIos actual),available (some APIs use nonIos actual),True,,,,,
cupertino,commonMain,CupertinoIcon,cupertino/src/commonMain/kotlin/io/github/alexzhirkevich/cupertino/CupertinoIcon.kt,63,available (some APIs use nonIos actual),available (some APIs use nonIos actual),True,imageVector: ImageVector; contentDescription: String?,,,,imageVector: ImageVector; contentDescription: String?; modifier: Modifier = Modifier; tint: Color = LocalContentColor.current
cupertino,commonMain,CupertinoIcon,cupertino/src/commonMain/kotlin/io/github/alexzhirkevich/cupertino/CupertinoIcon.kt,96,available (some APIs use nonIos actual),available (some APIs use nonIos actual),True,bitmap: ImageBitmap; contentDescription: String?,,,,bitmap: ImageBitmap; contentDescription: String?; modifier: Modifier = Modifier; tint: Color = LocalContentColor.current
cupertino,commonMain,CupertinoIcon,cupertino/src/commonMain/kotlin/io/github/alexzhirkevich/cupertino/CupertinoIcon.kt,130,available (some APIs use nonIos actual),available (some APIs use nonIos actual),True,painter: Painter; contentDescription: String?,,,,painter: Painter; contentDescription: String?; modifier: Modifier = Modifier; tint: Color = LocalContentColor.current
cupertino,commonMain,rememberCupertinoIndication,cupertino/src/commonMain/kotlin/io/github/alexzhirkevich/cupertino/CupertinoIndication.kt,41,available (some APIs use nonIos actual),available (some APIs use nonIos actual),True,,,,,color: Color = CupertinoIndication.DefaultColor
cupertino,commonMain,CupertinoNavigateBackButton,cupertino/src/commonMain/kotlin/io/github/alexzhirkevich/cupertino/CupertinoNavigateBackButton.kt,44,available (some APIs use nonIos actual),available (some APIs use nonIos actual),True,onClick: () -> Unit; title: @Composable RowScope.() -> Unit,,onClick: () -> Unit,title: @Composable RowScope.() -> Unit,"onClick: () -> Unit; modifier: Modifier = Modifier; enabled: Boolean = true; size: CupertinoButtonSize = CupertinoButtonSize.Regular; shape: Shape = size.shape(CupertinoTheme.shapes); colors: CupertinoButtonColors = plainButtonColors(     ); border: BorderStroke? = null; contentPadding: PaddingValues = PaddingValues(8.dp, 4.dp); interactionSource: MutableInteractionSource = remember { MutableInteractionSource() }; icon: ImageVector = if (LocalLayoutDirection.current == LayoutDirection.Ltr)         CupertinoIcons.Default.ChevronBackward else CupertinoIcons.Default.ChevronForward; title: @Composable RowScope.() -> Unit"
cupertino,commonMain,cupertinoTranslucentBottomBarColor,cupertino/src/commonMain/kotlin/io/github/alexzhirkevich/cupertino/CupertinoNavigationBar.kt,76,available (some APIs use nonIos actual),available (some APIs use nonIos actual),True,color: Color; isTranslucent: Boolean; isTransparent: Boolean,,,,color: Color; isTranslucent: Boolean; isTransparent: Boolean
cupertino,commonMain,CupertinoNavigationBar,cupertino/src/commonMain/kotlin/io/github/alexzhirkevich/cupertino/CupertinoNavigationBar.kt,129,available (some APIs use nonIos actual),available (some APIs use nonIos actual),True,content: @Composable RowScope.() -> Unit,isTranslucent: Boolean = LocalAppBarsState.current != null,,divider: @Composable () -> Unit = {         CupertinoNavigationBarDefaults.divider()     }; content: @Composable RowScope.() -> Unit,modifier: Modifier = Modifier; containerColor: Color = CupertinoNavigationBarDefaults.containerColor; windowInsets: WindowInsets = WindowInsets.navigationBars; isTransparent: Boolean = false; isTranslucent: Boolean = LocalAppBarsState.current != null; divider: @Composable () -> Unit = {         CupertinoNavigationBarDefaults.divider()     }; content: @Composable RowScope.() -> Unit
cupertino,commonMain,RowScope.CupertinoNavigationBarItem,cupertino/src/commonMain/kotlin/io/github/alexzhirkevich/cupertino/CupertinoNavigationBar.kt,185,available (some APIs use nonIos actual),available (some APIs use nonIos actual),True,selected: Boolean; onClick: () -> Unit; icon: @Composable () -> Unit,,onClick: () -> Unit,icon: @Composable () -> Unit; label: @Composable (() -> Unit)? = null,selected: Boolean; onClick: () -> Unit; icon: @Composable () -> Unit; modifier: Modifier = Modifier; enabled: Boolean = true; label: @Composable (() -> Unit)? = null; alwaysShowLabel: Boolean = true; pressIndicationEnabled: Boolean = false; colors: CupertinoNavigationBarItemColors = CupertinoNavigationBarDefaults.itemColors(); interactionSource: MutableInteractionSource = remember { MutableInteractionSource() }
cupertino,commonMain,CupertinoNavigationBarItemColors.equals,cupertino/src/commonMain/kotlin/io/github/alexzhirkevich/cupertino/CupertinoNavigationBar.kt,285,available (some APIs use nonIos actual),available (some APIs use nonIos actual),False,other: Any?,,,,other: Any?
cupertino,commonMain,CupertinoNavigationBarItemColors.hashCode,cupertino/src/commonMain/kotlin/io/github/alexzhirkevich/cupertino/CupertinoNavigationBar.kt,297,available (some APIs use nonIos actual),available (some APIs use nonIos actual),False,,,,,
cupertino,commonMain,CupertinoNavigationBarDefaults.itemColors,cupertino/src/commonMain/kotlin/io/github/alexzhirkevich/cupertino/CupertinoNavigationBar.kt,331,available (some APIs use nonIos actual),available (some APIs use nonIos actual),True,,,,,selectedIconColor: Color = CupertinoTheme.colorScheme.accent; selectedTextColor: Color = CupertinoTheme.colorScheme.accent; unselectedIconColor: Color = CupertinoTheme.colorScheme.secondaryLabel; unselectedTextColor: Color = CupertinoTheme.colorScheme.secondaryLabel; disabledIconColor: Color = CupertinoTheme.colorScheme.tertiaryLabel; disabledTextColor: Color = CupertinoTheme.colorScheme.tertiaryLabel
cupertino,commonMain,CupertinoNavigationBarDefaults.divider,cupertino/src/commonMain/kotlin/io/github/alexzhirkevich/cupertino/CupertinoNavigationBar.kt,348,available (some APIs use nonIos actual),available (some APIs use nonIos actual),True,,,,,
cupertino,commonMain,CupertinoPickerState.currentSelectedItem,cupertino/src/commonMain/kotlin/io/github/alexzhirkevich/cupertino/CupertinoPicker.kt,134,available (some APIs use nonIos actual),available (some APIs use nonIos actual),False,itemsCount : Int,,,,itemsCount : Int
cupertino,commonMain,CupertinoPickerState.selectedItemState,cupertino/src/commonMain/kotlin/io/github/alexzhirkevich/cupertino/CupertinoPicker.kt,143,available (some APIs use nonIos actual),available (some APIs use nonIos actual),False,itemsCount : Int,,,,itemsCount : Int
cupertino,commonMain,CupertinoPickerState.selectedItemIndex,cupertino/src/commonMain/kotlin/io/github/alexzhirkevich/cupertino/CupertinoPicker.kt,153,available (some APIs use nonIos actual),available (some APIs use nonIos actual),True,itemsCount : Int,,,,itemsCount : Int
cupertino,commonMain,CupertinoPickerState.dispatchRawDelta,cupertino/src/commonMain/kotlin/io/github/alexzhirkevich/cupertino/CupertinoPicker.kt,168,available (some APIs use nonIos actual),available (some APIs use nonIos actual),False,delta: Float,,,,delta: Float
cupertino,commonMain,CupertinoPickerState.scroll,cupertino/src/commonMain/kotlin/io/github/alexzhirkevich/cupertino/CupertinoPicker.kt,172,available (some APIs use nonIos actual),available (some APIs use nonIos actual),False,scrollPriority: MutatePriority; block: suspend ScrollScope.() -> Unit,,block: suspend ScrollScope.() -> Unit,,scrollPriority: MutatePriority; block: suspend ScrollScope.() -> Unit
cupertino,commonMain,CupertinoPickerState.scrollToItem,cupertino/src/commonMain/kotlin/io/github/alexzhirkevich/cupertino/CupertinoPicker.kt,205,available (some APIs use nonIos actual),available (some APIs use nonIos actual),False,index: Int,,,,index: Int
cupertino,commonMain,CupertinoPickerState.animateScrollToItem,cupertino/src/commonMain/kotlin/io/github/alexzhirkevich/cupertino/CupertinoPicker.kt,212,available (some APIs use nonIos actual),available (some APIs use nonIos actual),False,index: Int,,,,index: Int
cupertino,commonMain,CupertinoPickerState.Companion.Saver,cupertino/src/commonMain/kotlin/io/github/alexzhirkevich/cupertino/CupertinoPicker.kt,216,available (some APIs use nonIos actual),available (some APIs use nonIos actual),False,,,,,
cupertino,commonMain,rememberCupertinoPickerState,cupertino/src/commonMain/kotlin/io/github/alexzhirkevich/cupertino/CupertinoPicker.kt,230,available (some APIs use nonIos actual),available (some APIs use nonIos actual),True,,,,,infinite: Boolean = true; initiallySelectedItemIndex: Int = 0
cupertino,commonMain,<T : Any> CupertinoWheelPicker,cupertino/src/commonMain/kotlin/io/github/alexzhirkevich/cupertino/CupertinoPicker.kt,263,available (some APIs use nonIos actual),available (some APIs use nonIos actual),True,state: CupertinoPickerState; items: List<T>; content: @Composable (T) -> Unit,state: CupertinoPickerState,key: ((T) -> Any)? = null,content: @Composable (T) -> Unit,state: CupertinoPickerState; items: List<T>; height: Dp = CupertinoPickerDefaults.Height; modifier: Modifier = Modifier; indicator: CupertinoPickerIndicator = CupertinoPickerDefaults.indicator(); containerColor: Color = LocalContainerColor.current.takeOrElse {         CupertinoTheme.colorScheme.secondarySystemGroupedBackground     }; textStyle: TextStyle = CupertinoPickerDefaults.textStyle; key: ((T) -> Any)? = null; withRotation: Boolean = false; rotationTransformOrigin: TransformOrigin = TransformOrigin.Center; enabled : Boolean = true; horizontalAlignment: Alignment.Horizontal = Alignment.CenterHorizontally; content: @Composable (T) -> Unit
cupertino,commonMain,Modifier.cupertinoPickerIndicator,cupertino/src/commonMain/kotlin/io/github/alexzhirkevich/cupertino/CupertinoPicker.kt,429,available (some APIs use nonIos actual),available (some APIs use nonIos actual),False,state : CupertinoPickerState; indicator : CupertinoPickerIndicator,state : CupertinoPickerState,,,state : CupertinoPickerState; indicator : CupertinoPickerIndicator
cupertino,commonMain,CupertinoPickerDefaults.indicatorOld,cupertino/src/commonMain/kotlin/io/github/alexzhirkevich/cupertino/CupertinoPicker.kt,454,available (some APIs use nonIos actual),available (some APIs use nonIos actual),True,,,,,color : Color = CupertinoTheme.colorScheme.separator
cupertino,commonMain,CupertinoPickerDefaults.indicator,cupertino/src/commonMain/kotlin/io/github/alexzhirkevich/cupertino/CupertinoPicker.kt,476,available (some APIs use nonIos actual),available (some APIs use nonIos actual),True,,,,,color : Color = CupertinoPickerTokens.IndicatorColor; shape: Shape = CupertinoPickerTokens.IndicatorShape; paddingValues: PaddingValues = CupertinoPickerTokens.IndicatorPaddingValues
cupertino,commonMain,CupertinoScaffold,cupertino/src/commonMain/kotlin/io/github/alexzhirkevich/cupertino/CupertinoScaffold.kt,86,available (some APIs use nonIos actual),available (some APIs use nonIos actual),True,content: @Composable (PaddingValues) -> Unit,,,topBar: @Composable () -> Unit = {}; bottomBar: @Composable () -> Unit = {}; snackbarHost: @Composable () -> Unit = {}; floatingActionButton: @Composable () -> Unit = {}; content: @Composable (PaddingValues) -> Unit,modifier: Modifier = Modifier; topBar: @Composable () -> Unit = {}; bottomBar: @Composable () -> Unit = {}; snackbarHost: @Composable () -> Unit = {}; floatingActionButton: @Composable () -> Unit = {}; floatingActionButtonPosition: FabPosition = FabPosition.End; containerColor: Color = CupertinoScaffoldDefaults.containerColor; contentColor: Color = CupertinoScaffoldDefaults.contentColor; contentWindowInsets: WindowInsets = CupertinoScaffoldDefaults.contentWindowInsets; appBarsBlurAlpha: Float = CupertinoScaffoldDefaults.AppBarsBlurAlpha; appBarsBlurRadius: Dp = CupertinoScaffoldDefaults.AppBarsBlurRadius; hasNavigationTitle: Boolean = false; content: @Composable (PaddingValues) -> Unit
cupertino,commonMain,FabPosition.toString,cupertino/src/commonMain/kotlin/io/github/alexzhirkevich/cupertino/CupertinoScaffold.kt,438,available (some APIs use nonIos actual),available (some APIs use nonIos actual),False,,,,,
cupertino,commonMain,rememberCupertinoSearchTextFieldState,cupertino/src/commonMain/kotlin/io/github/alexzhirkevich/cupertino/CupertinoSearchTextField.kt,100,available (some APIs use nonIos actual),available (some APIs use nonIos actual),True,,scrollableState: ScrollableState? = null,collapse : (CupertinoSearchTextFieldState) -> Boolean = { !it.isFocused },,initiallyExpanded: Boolean = true; scrollableState: ScrollableState? = null; collapse : (CupertinoSearchTextFieldState) -> Boolean = { !it.isFocused }; blockScrollWhenFocusedAndEmpty : Boolean = true
cupertino,commonMain,CupertinoSearchTextField,cupertino/src/commonMain/kotlin/io/github/alexzhirkevich/cupertino/CupertinoSearchTextField.kt,161,available (some APIs use nonIos actual),available (some APIs use nonIos actual),True,value: String; onValueChange: (String) -> Unit,state: CupertinoSearchTextFieldState = rememberCupertinoSearchTextFieldState(),onValueChange: (String) -> Unit,"placeholder: @Composable () -> Unit = {         CupertinoText(""Search"")     }; cancelButton: @Composable() (() -> Unit)? = {         CupertinoSearchTextFieldDefaults             .cancelButton(                 onValueChange = onValueChange,                 interactionSource = interactionSource             )     }; leadingIcon: @Composable () -> Unit = {         CupertinoSearchTextFieldDefaults.leadingIcon()     }; trailingIcon: @Composable () -> Unit = {}","value: String; onValueChange: (String) -> Unit; state: CupertinoSearchTextFieldState = rememberCupertinoSearchTextFieldState(); colors: CupertinoTextFieldColors = CupertinoSearchTextFieldDefaults.colors(); modifier: Modifier = Modifier; paddingValues: PaddingValues = CupertinoSearchTextFieldDefaults.PaddingValues; shape: Shape = CupertinoSearchTextFieldDefaults.shape; enabled: Boolean = true; readOnly: Boolean = false; textStyle: TextStyle = LocalTextStyle.current; keyboardOptions: KeyboardOptions = remember {         KeyboardOptions(imeAction = ImeAction.Search)     }; keyboardActions: KeyboardActions = KeyboardActions.Default; visualTransformation: VisualTransformation = VisualTransformation.None; interactionSource: MutableInteractionSource = remember { MutableInteractionSource() }; placeholder: @Composable () -> Unit = {         CupertinoText(""Search"")     }; cancelButton: @Composable() (() -> Unit)? = {         CupertinoSearchTextFieldDefaults             .cancelButton(                 onValueChange = onValueChange,                 interactionSource = interactionSource             )     }; leadingIcon: @Composable () -> Unit = {         CupertinoSearchTextFieldDefaults.leadingIcon()     }; trailingIcon: @Composable () -> Unit = {}"
cupertino,commonMain,CupertinoSearchTextFieldDefaults.leadingIcon,cupertino/src/commonMain/kotlin/io/github/alexzhirkevich/cupertino/CupertinoSearchTextField.kt,358,available (some APIs use nonIos actual),available (some APIs use nonIos actual),True,,,,,imageVector: ImageVector = CupertinoIcons.Outlined.MagnifyingGlass; rotateWithLayoutDirection: Boolean = true
cupertino,commonMain,CupertinoSearchTextFieldDefaults.cancelButton,cupertino/src/commonMain/kotlin/io/github/alexzhirkevich/cupertino/CupertinoSearchTextField.kt,382,available (some APIs use nonIos actual),available (some APIs use nonIos actual),True,onValueChange: (String) -> Unit; interactionSource: MutableInteractionSource,,onValueChange: (String) -> Unit,"content: @Composable RowScope.() -> Unit = { CupertinoText(""Cancel"") }","onValueChange: (String) -> Unit; colors: CupertinoButtonColors = plainButtonColors(); interactionSource: MutableInteractionSource; content: @Composable RowScope.() -> Unit = { CupertinoText(""Cancel"") }"
cupertino,commonMain,CupertinoSearchTextFieldDefaults.colors,cupertino/src/commonMain/kotlin/io/github/alexzhirkevich/cupertino/CupertinoSearchTextField.kt,406,available (some APIs use nonIos actual),available (some APIs use nonIos actual),True,,,,,"focusedTextColor: Color = CupertinoTheme.colorScheme.label; unfocusedTextColor: Color = CupertinoTheme.colorScheme.label; disabledTextColor: Color = CupertinoTheme.colorScheme.secondaryLabel; errorTextColor: Color = CupertinoColors.systemRed; focusedContainerColor: Color = if (isDark())             CupertinoTheme.colorScheme.tertiarySystemFill         else CupertinoTheme.colorScheme.quaternarySystemFill; unfocusedContainerColor: Color = focusedContainerColor; disabledContainerColor: Color = unfocusedContainerColor; errorContainerColor: Color = disabledContainerColor; cursorColor: Color = CupertinoTheme.colorScheme.accent; errorCursorColor: Color = errorTextColor; selectionColors: TextSelectionColors =             TextSelectionColors(cursorColor, cursorColor.copy(alpha = .25f)); focusedBorderColor: Color = Color.Transparent; unfocusedBorderColor: Color = focusedBorderColor; disabledBorderColor: Color = focusedBorderColor; errorBorderColor: Color = errorTextColor; focusedLeadingIconColor: Color = CupertinoTheme.colorScheme.secondaryLabel; unfocusedLeadingIconColor: Color = focusedLeadingIconColor; disabledLeadingIconColor: Color = focusedLeadingIconColor; errorLeadingIconColor: Color = focusedLeadingIconColor; focusedTrailingIconColor: Color = focusedLeadingIconColor; unfocusedTrailingIconColor: Color = focusedTrailingIconColor; disabledTrailingIconColor: Color = focusedTrailingIconColor; errorTrailingIconColor: Color = focusedTrailingIconColor; focusedPlaceholderColor: Color = CupertinoTheme.colorScheme.secondaryLabel; unfocusedPlaceholderColor: Color = focusedPlaceholderColor; disabledPlaceholderColor: Color = CupertinoTheme.colorScheme.tertiaryLabel; errorPlaceholderColor: Color = focusedPlaceholderColor"
cupertino,commonMain,CupertinoSegmentedControl,cupertino/src/commonMain/kotlin/io/github/alexzhirkevich/cupertino/CupertinoSegmentedControl.kt,90,available (some APIs use nonIos actual),available (some APIs use nonIos actual),True,selectedTabIndex: Int; tabs: @Composable () -> Unit,,,"indicator: @Composable (tabPositions: List<TabPosition>) -> Unit = @Composable { tabPositions ->         CupertinoSegmentedControlIndicator(             selectedTabIndex = selectedTabIndex,             tabPositions = tabPositions,             color = colors.indicatorColor,             shape = shape,             separatorColor = colors.separatorColor         )     }; tabs: @Composable () -> Unit","selectedTabIndex: Int; modifier: Modifier = Modifier; colors : CupertinoSegmentedControlColors = CupertinoSegmentedControlDefaults.colors(); shape : Shape = CupertinoSegmentedControlDefaults.shape; paddingValues: PaddingValues = CupertinoSegmentedControlDefaults.PaddingValues; indicator: @Composable (tabPositions: List<TabPosition>) -> Unit = @Composable { tabPositions ->         CupertinoSegmentedControlIndicator(             selectedTabIndex = selectedTabIndex,             tabPositions = tabPositions,             color = colors.indicatorColor,             shape = shape,             separatorColor = colors.separatorColor         )     }; tabs: @Composable () -> Unit"
cupertino,commonMain,CupertinoSegmentedControlIndicator,cupertino/src/commonMain/kotlin/io/github/alexzhirkevich/cupertino/CupertinoSegmentedControl.kt,137,available (some APIs use nonIos actual),available (some APIs use nonIos actual),True,selectedTabIndex: Int; tabPositions: List<TabPosition>,,,,selectedTabIndex: Int; tabPositions: List<TabPosition>; modifier: Modifier = Modifier; shape: Shape = CupertinoTheme.shapes.small; color: Color = CupertinoSegmentedControlDefaults.colors().indicatorColor; separatorColor : Color = CupertinoTheme.colorScheme.separator
cupertino,commonMain,CupertinoSegmentedControlTab,cupertino/src/commonMain/kotlin/io/github/alexzhirkevich/cupertino/CupertinoSegmentedControl.kt,209,available (some APIs use nonIos actual),available (some APIs use nonIos actual),True,onClick: () -> Unit; isSelected : Boolean; content: @Composable () -> Unit,,onClick: () -> Unit,content: @Composable () -> Unit,onClick: () -> Unit; isSelected : Boolean; modifier: Modifier = Modifier; interactionSource: MutableInteractionSource = remember { MutableInteractionSource() }; content: @Composable () -> Unit
cupertino,commonMain,CupertinoSegmentedControlDefaults.colors,cupertino/src/commonMain/kotlin/io/github/alexzhirkevich/cupertino/CupertinoSegmentedControl.kt,288,available (some APIs use nonIos actual),available (some APIs use nonIos actual),True,,,,,containerColor : Color = CupertinoTheme.colorScheme.quaternarySystemFill; indicatorColor: Color = if (isDark())             CupertinoColors.systemGray8(true)         else CupertinoColors.White; contentColor: Color = CupertinoTheme.colorScheme.label; separatorColor: Color = CupertinoTheme.colorScheme.separator
cupertino,commonMain,CupertinoSlider,cupertino/src/commonMain/kotlin/io/github/alexzhirkevich/cupertino/CupertinoSlider.kt,138,available (some APIs use nonIos actual),available (some APIs use nonIos actual),True,value: Float; onValueChange: (Float) -> Unit,,onValueChange: (Float) -> Unit; onValueChangeFinished: (() -> Unit)? = null,,value: Float; onValueChange: (Float) -> Unit; modifier: Modifier = Modifier; enabled: Boolean = true; valueRange: ClosedFloatingPointRange<Float> = 0f..1f; steps: Int = 0; onValueChangeFinished: (() -> Unit)? = null; colors: CupertinoSliderColors = CupertinoSliderDefaults.defaultColorsFor(steps); interactionSource: MutableInteractionSource = remember { MutableInteractionSource() }
cupertino,commonMain,CupertinoSlider,cupertino/src/commonMain/kotlin/io/github/alexzhirkevich/cupertino/CupertinoSlider.kt,211,available (some APIs use nonIos actual),available (some APIs use nonIos actual),True,value: Float; onValueChange: (Float) -> Unit,,onValueChange: (Float) -> Unit; onValueChangeFinished: (() -> Unit)? = null,"thumb: @Composable (SliderPositions) -> Unit = {         CupertinoSliderDefaults.Thumb(             interactionSource = interactionSource,             colors = colors,             enabled = enabled         )     }; track: @Composable (SliderPositions) -> Unit = { sliderPositions ->         CupertinoSliderDefaults.Track(             colors = colors,             enabled = enabled,             sliderPositions = sliderPositions         )     }","value: Float; onValueChange: (Float) -> Unit; modifier: Modifier = Modifier; enabled: Boolean = true; valueRange: ClosedFloatingPointRange<Float> = 0f..1f; onValueChangeFinished: (() -> Unit)? = null; steps: Int = 0; colors: CupertinoSliderColors = CupertinoSliderDefaults.defaultColorsFor(steps); interactionSource: MutableInteractionSource = remember { MutableInteractionSource() }; thumb: @Composable (SliderPositions) -> Unit = {         CupertinoSliderDefaults.Thumb(             interactionSource = interactionSource,             colors = colors,             enabled = enabled         )     }; track: @Composable (SliderPositions) -> Unit = { sliderPositions ->         CupertinoSliderDefaults.Track(             colors = colors,             enabled = enabled,             sliderPositions = sliderPositions         )     }"
cupertino,commonMain,CupertinoRangeSlider,cupertino/src/commonMain/kotlin/io/github/alexzhirkevich/cupertino/CupertinoSlider.kt,276,available (some APIs use nonIos actual),available (some APIs use nonIos actual),True,value: ClosedFloatingPointRange<Float>; onValueChange: (ClosedFloatingPointRange<Float>) -> Unit,,onValueChange: (ClosedFloatingPointRange<Float>) -> Unit; onValueChangeFinished: (() -> Unit)? = null,,value: ClosedFloatingPointRange<Float>; onValueChange: (ClosedFloatingPointRange<Float>) -> Unit; modifier: Modifier = Modifier; enabled: Boolean = true; valueRange: ClosedFloatingPointRange<Float> = 0f..1f; /*@IntRange(from = 0)*/     steps: Int = 0; onValueChangeFinished: (() -> Unit)? = null; colors: CupertinoSliderColors = CupertinoSliderDefaults.defaultColorsFor(steps)
cupertino,commonMain,CupertinoRangeSlider,cupertino/src/commonMain/kotlin/io/github/alexzhirkevich/cupertino/CupertinoSlider.kt,364,available (some APIs use nonIos actual),available (some APIs use nonIos actual),True,value: ClosedFloatingPointRange<Float>; onValueChange: (ClosedFloatingPointRange<Float>) -> Unit,,onValueChange: (ClosedFloatingPointRange<Float>) -> Unit; onValueChangeFinished: (() -> Unit)? = null,"startThumb: @Composable (SliderPositions) -> Unit = {         CupertinoSliderDefaults.Thumb(             interactionSource = startInteractionSource,             colors = colors,             enabled = enabled         )     }; endThumb: @Composable (SliderPositions) -> Unit = {         CupertinoSliderDefaults.Thumb(             interactionSource = endInteractionSource,             colors = colors,             enabled = enabled         )     }; track: @Composable (SliderPositions) -> Unit = { sliderPositions ->         CupertinoSliderDefaults.Track(             colors = colors,             enabled = enabled,             sliderPositions = sliderPositions         )     }","value: ClosedFloatingPointRange<Float>; onValueChange: (ClosedFloatingPointRange<Float>) -> Unit; modifier: Modifier = Modifier; enabled: Boolean = true; valueRange: ClosedFloatingPointRange<Float> = 0f..1f; onValueChangeFinished: (() -> Unit)? = null; steps: Int = 0; colors: CupertinoSliderColors = CupertinoSliderDefaults.defaultColorsFor(steps); startInteractionSource: MutableInteractionSource = remember { MutableInteractionSource() }; endInteractionSource: MutableInteractionSource = remember { MutableInteractionSource() }; startThumb: @Composable (SliderPositions) -> Unit = {         CupertinoSliderDefaults.Thumb(             interactionSource = startInteractionSource,             colors = colors,             enabled = enabled         )     }; endThumb: @Composable (SliderPositions) -> Unit = {         CupertinoSliderDefaults.Thumb(             interactionSource = endInteractionSource,             colors = colors,             enabled = enabled         )     }; track: @Composable (SliderPositions) -> Unit = { sliderPositions ->         CupertinoSliderDefaults.Track(             colors = colors,             enabled = enabled,             sliderPositions = sliderPositions         )     }"
cupertino,commonMain,CupertinoSliderDefaults.colors,cupertino/src/commonMain/kotlin/io/github/alexzhirkevich/cupertino/CupertinoSlider.kt,845,available (some APIs use nonIos actual),available (some APIs use nonIos actual),True,,,,,thumbColor: Color = CupertinoColors.White; activeTrackColor: Color = CupertinoTheme.colorScheme.accent; activeTickColor: Color = CupertinoTheme.colorScheme.separator; inactiveTrackColor: Color = CupertinoTheme.colorScheme.separator; inactiveTickColor: Color = activeTickColor; disabledThumbColor: Color = thumbColor; disabledActiveTrackColor: Color = activeTrackColor.copy(alpha = .5f); disabledActiveTickColor: Color = activeTickColor; disabledInactiveTrackColor: Color = inactiveTrackColor.copy(alpha = .5f); disabledInactiveTickColor: Color = activeTickColor
cupertino,commonMain,CupertinoSliderDefaults.colorsSteps,cupertino/src/commonMain/kotlin/io/github/alexzhirkevich/cupertino/CupertinoSlider.kt,898,available (some APIs use nonIos actual),available (some APIs use nonIos actual),True,,,,,thumbColor: Color = CupertinoColors.White; activeTrackColor: Color = CupertinoColors.systemGray; activeTickColor: Color = activeTrackColor; inactiveTrackColor: Color = activeTrackColor; inactiveTickColor: Color = activeTickColor; disabledThumbColor: Color = thumbColor; disabledActiveTrackColor: Color = activeTrackColor; disabledActiveTickColor: Color = activeTickColor; disabledInactiveTrackColor: Color = inactiveTrackColor; disabledInactiveTickColor: Color = activeTickColor
cupertino,commonMain,CupertinoSliderDefaults.defaultColorsFor,cupertino/src/commonMain/kotlin/io/github/alexzhirkevich/cupertino/CupertinoSlider.kt,923,available (some APIs use nonIos actual),available (some APIs use nonIos actual),True,steps: Int,,,,steps: Int
cupertino,commonMain,CupertinoSliderDefaults.Thumb,cupertino/src/commonMain/kotlin/io/github/alexzhirkevich/cupertino/CupertinoSlider.kt,943,available (some APIs use nonIos actual),available (some APIs use nonIos actual),True,interactionSource: MutableInteractionSource,,,,interactionSource: MutableInteractionSource; modifier: Modifier = Modifier; colors: CupertinoSliderColors = colors(); enabled: Boolean = true; thumbSize: DpSize = ThumbSize
cupertino,commonMain,CupertinoSliderDefaults.Track,cupertino/src/commonMain/kotlin/io/github/alexzhirkevich/cupertino/CupertinoSlider.kt,988,available (some APIs use nonIos actual),available (some APIs use nonIos actual),True,sliderPositions: SliderPositions,,,,sliderPositions: SliderPositions; modifier: Modifier = Modifier; colors: CupertinoSliderColors = colors(); enabled: Boolean = true
cupertino,commonMain,CupertinoSliderColors.equals,cupertino/src/commonMain/kotlin/io/github/alexzhirkevich/cupertino/CupertinoSlider.kt,1369,available (some APIs use nonIos actual),available (some APIs use nonIos actual),False,other: Any?,,,,other: Any?
cupertino,commonMain,CupertinoSliderColors.hashCode,cupertino/src/commonMain/kotlin/io/github/alexzhirkevich/cupertino/CupertinoSlider.kt,1387,available (some APIs use nonIos actual),available (some APIs use nonIos actual),False,,,,,
cupertino,commonMain,SliderPositions.equals,cupertino/src/commonMain/kotlin/io/github/alexzhirkevich/cupertino/CupertinoSlider.kt,1476,available (some APIs use nonIos actual),available (some APIs use nonIos actual),False,other: Any?,,,,other: Any?
cupertino,commonMain,SliderPositions.hashCode,cupertino/src/commonMain/kotlin/io/github/alexzhirkevich/cupertino/CupertinoSlider.kt,1486,available (some APIs use nonIos actual),available (some APIs use nonIos actual),False,,,,,
cupertino,commonMain,SharedSwipeBoxController.collapse,cupertino/src/commonMain/kotlin/io/github/alexzhirkevich/cupertino/CupertinoSwipeBox.kt,157,available (some APIs use nonIos actual),available (some APIs use nonIos actual),False,,,,,
cupertino,commonMain,rememberCupertinoSwipeBoxState,cupertino/src/commonMain/kotlin/io/github/alexzhirkevich/cupertino/CupertinoSwipeBox.kt,181,available (some APIs use nonIos actual),available (some APIs use nonIos actual),True,,scrollableState: ScrollableState? = null,confirmValueChange: (CupertinoSwipeBoxValue) -> Boolean = { true },,initialValue: CupertinoSwipeBoxValue = CupertinoSwipeBoxValue.Collapsed; sharedController : SharedSwipeBoxController? = GlobalSwipeBoxController; scrollableState: ScrollableState? = null; dismissThreshold: Float = CupertinoSwipeBoxDefaults.DismissThreshold; animationSpec : FiniteAnimationSpec<Float> = CupertinoSwipeBoxDefaults.AnimationSpec; confirmValueChange: (CupertinoSwipeBoxValue) -> Boolean = { true }
cupertino,commonMain,CupertinoSwipeBox,cupertino/src/commonMain/kotlin/io/github/alexzhirkevich/cupertino/CupertinoSwipeBox.kt,289,available (some APIs use nonIos actual),available (some APIs use nonIos actual),True,state: CupertinoSwipeBoxState; items: @Composable () -> Unit; content: @Composable RowScope.() -> Unit,state: CupertinoSwipeBoxState,,items: @Composable () -> Unit; content: @Composable RowScope.() -> Unit,state: CupertinoSwipeBoxState; items: @Composable () -> Unit; modifier: Modifier = Modifier; restoreOnClick : Boolean = true; handleWidth : Dp = Dp.Unspecified; itemWidth: Dp = CupertinoSwipeBoxDefaults.ItemWidth; startToEndBehavior: SwipeBoxBehavior = SwipeBoxBehavior.Dismissible; endToStartBehavior: SwipeBoxBehavior = SwipeBoxBehavior.Dismissible; content: @Composable RowScope.() -> Unit
cupertino,commonMain,CupertinoSwipeBoxItem,cupertino/src/commonMain/kotlin/io/github/alexzhirkevich/cupertino/CupertinoSwipeBox.kt,542,available (some APIs use nonIos actual),available (some APIs use nonIos actual),True,color : Color; onClick : () -> Unit; icon : @Composable () -> Unit; label : @Composable () -> Unit,,onClick : () -> Unit,icon : @Composable () -> Unit; label : @Composable () -> Unit,color : Color; onClick : () -> Unit; modifier: Modifier = Modifier; enabled : Boolean = true; onClickLabel : String? = null; interactionSource : MutableInteractionSource = remember { MutableInteractionSource() }; icon : @Composable () -> Unit; label : @Composable () -> Unit
cupertino,commonMain,CupertinoSwipeBoxItem,cupertino/src/commonMain/kotlin/io/github/alexzhirkevich/cupertino/CupertinoSwipeBox.kt,594,available (some APIs use nonIos actual),available (some APIs use nonIos actual),True,color : Color; onClick : () -> Unit; content: @Composable ColumnScope.() -> Unit,,onClick : () -> Unit,content: @Composable ColumnScope.() -> Unit,color : Color; onClick : () -> Unit; modifier: Modifier = Modifier; enabled : Boolean = true; onClickLabel : String? = null; interactionSource : MutableInteractionSource = remember { MutableInteractionSource() }; content: @Composable ColumnScope.() -> Unit
cupertino,commonMain,CupertinoSwipeBoxState.requireOffset,cupertino/src/commonMain/kotlin/io/github/alexzhirkevich/cupertino/CupertinoSwipeBox.kt,697,available (some APIs use nonIos actual),available (some APIs use nonIos actual),False,,,,,
cupertino,commonMain,CupertinoSwipeBoxState.snapTo,cupertino/src/commonMain/kotlin/io/github/alexzhirkevich/cupertino/CupertinoSwipeBox.kt,730,available (some APIs use nonIos actual),available (some APIs use nonIos actual),False,targetValue: CupertinoSwipeBoxValue,,,,targetValue: CupertinoSwipeBoxValue
cupertino,commonMain,CupertinoSwipeBoxState.animateTo,cupertino/src/commonMain/kotlin/io/github/alexzhirkevich/cupertino/CupertinoSwipeBox.kt,734,available (some APIs use nonIos actual),available (some APIs use nonIos actual),False,direction: CupertinoSwipeBoxValue,,,,direction: CupertinoSwipeBoxValue
cupertino,commonMain,CupertinoSwipeBoxState.reset,cupertino/src/commonMain/kotlin/io/github/alexzhirkevich/cupertino/CupertinoSwipeBox.kt,745,available (some APIs use nonIos actual),available (some APIs use nonIos actual),False,,,,,
cupertino,commonMain,CupertinoSwipeBoxState.Companion.Saver,cupertino/src/commonMain/kotlin/io/github/alexzhirkevich/cupertino/CupertinoSwipeBox.kt,753,available (some APIs use nonIos actual),available (some APIs use nonIos actual),False,dismissThreshold: Float; animationSpec : FiniteAnimationSpec<Float>; confirmValueChange: (CupertinoSwipeBoxValue) -> Boolean; density: Density,,confirmValueChange: (CupertinoSwipeBoxValue) -> Boolean,,dismissThreshold: Float; animationSpec : FiniteAnimationSpec<Float>; confirmValueChange: (CupertinoSwipeBoxValue) -> Boolean; density: Density
cupertino,commonMain,CupertinoSwitch,cupertino/src/commonMain/kotlin/io/github/alexzhirkevich/cupertino/CupertinoSwitch.kt,93,available (some APIs use nonIos actual),available (some APIs use nonIos actual),True,checked : Boolean; onCheckedChange : (Boolean) -> Unit,,onCheckedChange : (Boolean) -> Unit,thumbContent: @Composable (() -> Unit)? = null,checked : Boolean; onCheckedChange : (Boolean) -> Unit; modifier : Modifier = Modifier; thumbContent: @Composable (() -> Unit)? = null; colors : CupertinoSwitchColors = CupertinoSwitchDefaults.colors(); enabled: Boolean = true; interactionSource: MutableInteractionSource = remember { MutableInteractionSource() }
cupertino,commonMain,CupertinoSwitchColors.equals,cupertino/src/commonMain/kotlin/io/github/alexzhirkevich/cupertino/CupertinoSwitch.kt,277,available (some APIs use nonIos actual),available (some APIs use nonIos actual),False,other: Any?,,,,other: Any?
cupertino,commonMain,CupertinoSwitchColors.hashCode,cupertino/src/commonMain/kotlin/io/github/alexzhirkevich/cupertino/CupertinoSwitch.kt,295,available (some APIs use nonIos actual),available (some APIs use nonIos actual),False,,,,,
cupertino,commonMain,CupertinoSwitchDefaults.colors,cupertino/src/commonMain/kotlin/io/github/alexzhirkevich/cupertino/CupertinoSwitch.kt,323,available (some APIs use nonIos actual),available (some APIs use nonIos actual),True,,,,,thumbColor: Color = Color.White; disabledThumbColor: Color = thumbColor; checkedTrackColor: Color = CupertinoColors.systemGreen; checkedIconColor: Color = CupertinoTheme.colorScheme.opaqueSeparator; uncheckedTrackColor: Color = CupertinoColors.Gray.copy(             alpha = .33f         ); uncheckedIconColor: Color = checkedIconColor; disabledCheckedTrackColor: Color = checkedTrackColor.copy(alpha = .33f); disabledCheckedIconColor: Color = checkedIconColor; disabledUncheckedTrackColor: Color = uncheckedTrackColor; disabledUncheckedIconColor: Color = checkedIconColor
cupertino,commonMain,CupertinoTextField,cupertino/src/commonMain/kotlin/io/github/alexzhirkevich/cupertino/CupertinoTextField.kt,69,available (some APIs use nonIos actual),available (some APIs use nonIos actual),True,value: String; onValueChange: (String) -> Unit,,onValueChange: (String) -> Unit,placeholder: @Composable (() -> Unit)? = null; leadingIcon: @Composable (() -> Unit)? = null; trailingIcon: @Composable (() -> Unit)? = null,value: String; onValueChange: (String) -> Unit; modifier: Modifier = Modifier; enabled: Boolean = true; readOnly: Boolean = false; textStyle: TextStyle = LocalTextStyle.current; placeholder: @Composable (() -> Unit)? = null; leadingIcon: @Composable (() -> Unit)? = null; trailingIcon: @Composable (() -> Unit)? = null; isError: Boolean = false; visualTransformation: VisualTransformation = VisualTransformation.None; keyboardOptions: KeyboardOptions = KeyboardOptions.Default; keyboardActions: KeyboardActions = KeyboardActions.Default; singleLine: Boolean = false; maxLines: Int = if (singleLine) 1 else Int.MAX_VALUE; minLines: Int = 1; interactionSource: MutableInteractionSource = remember { MutableInteractionSource() }; contentAlignment: Alignment.Vertical = Alignment.CenterVertically; colors: CupertinoTextFieldColors = CupertinoTextFieldDefaults.colors()
cupertino,commonMain,CupertinoTextField,cupertino/src/commonMain/kotlin/io/github/alexzhirkevich/cupertino/CupertinoTextField.kt,147,available (some APIs use nonIos actual),available (some APIs use nonIos actual),True,value: TextFieldValue; onValueChange: (TextFieldValue) -> Unit,,onValueChange: (TextFieldValue) -> Unit,placeholder: @Composable (() -> Unit)? = null; leadingIcon: @Composable (() -> Unit)? = null; trailingIcon: @Composable (() -> Unit)? = null,value: TextFieldValue; onValueChange: (TextFieldValue) -> Unit; modifier: Modifier = Modifier; enabled: Boolean = true; readOnly: Boolean = false; textStyle: TextStyle = LocalTextStyle.current; placeholder: @Composable (() -> Unit)? = null; leadingIcon: @Composable (() -> Unit)? = null; trailingIcon: @Composable (() -> Unit)? = null; isError: Boolean = false; visualTransformation: VisualTransformation = VisualTransformation.None; keyboardOptions: KeyboardOptions = KeyboardOptions.Default; keyboardActions: KeyboardActions = KeyboardActions.Default; singleLine: Boolean = false; maxLines: Int = if (singleLine) 1 else Int.MAX_VALUE; minLines: Int = 1; interactionSource: MutableInteractionSource = remember { MutableInteractionSource() }; contentAlignment: Alignment.Vertical = Alignment.CenterVertically; colors: CupertinoTextFieldColors = CupertinoTextFieldDefaults.colors()
cupertino,commonMain,CupertinoBorderedTextField,cupertino/src/commonMain/kotlin/io/github/alexzhirkevich/cupertino/CupertinoTextField.kt,224,available (some APIs use nonIos actual),available (some APIs use nonIos actual),True,value: String; onValueChange: (String) -> Unit,,onValueChange: (String) -> Unit,placeholder: @Composable (() -> Unit)? = null; leadingIcon: @Composable (() -> Unit)? = null; trailingIcon: @Composable (() -> Unit)? = null,value: String; onValueChange: (String) -> Unit; modifier: Modifier = Modifier; enabled: Boolean = true; readOnly: Boolean = false; textStyle: TextStyle = LocalTextStyle.current; placeholder: @Composable (() -> Unit)? = null; leadingIcon: @Composable (() -> Unit)? = null; trailingIcon: @Composable (() -> Unit)? = null; isError: Boolean = false; visualTransformation: VisualTransformation = VisualTransformation.None; keyboardOptions: KeyboardOptions = KeyboardOptions.Default; keyboardActions: KeyboardActions = KeyboardActions.Default; singleLine: Boolean = false; maxLines: Int = if (singleLine) 1 else Int.MAX_VALUE; minLines: Int = 1; interactionSource: MutableInteractionSource = remember { MutableInteractionSource() }; shape: Shape = CupertinoBorderedTextFieldDefaults.shape; strokeWidth: Dp = CupertinoBorderedTextFieldDefaults.StrokeWidth; paddingValues: PaddingValues = CupertinoBorderedTextFieldDefaults.PaddingValues; contentAlignment: Alignment.Vertical = Alignment.CenterVertically; colors: CupertinoTextFieldColors = CupertinoBorderedTextFieldDefaults.colors()
cupertino,commonMain,CupertinoBorderedTextField,cupertino/src/commonMain/kotlin/io/github/alexzhirkevich/cupertino/CupertinoTextField.kt,283,available (some APIs use nonIos actual),available (some APIs use nonIos actual),True,value: TextFieldValue; onValueChange: (TextFieldValue) -> Unit,,onValueChange: (TextFieldValue) -> Unit,placeholder: @Composable (() -> Unit)? = null; leadingIcon: @Composable (() -> Unit)? = null; trailingIcon: @Composable (() -> Unit)? = null,value: TextFieldValue; onValueChange: (TextFieldValue) -> Unit; modifier: Modifier = Modifier; enabled: Boolean = true; readOnly: Boolean = false; textStyle: TextStyle = LocalTextStyle.current; placeholder: @Composable (() -> Unit)? = null; leadingIcon: @Composable (() -> Unit)? = null; trailingIcon: @Composable (() -> Unit)? = null; isError: Boolean = false; visualTransformation: VisualTransformation = VisualTransformation.None; keyboardOptions: KeyboardOptions = KeyboardOptions.Default; keyboardActions: KeyboardActions = KeyboardActions.Default; singleLine: Boolean = false; maxLines: Int = if (singleLine) 1 else Int.MAX_VALUE; minLines: Int = 1; interactionSource: MutableInteractionSource = remember { MutableInteractionSource() }; shape: Shape = CupertinoBorderedTextFieldDefaults.shape; strokeWidth: Dp = CupertinoBorderedTextFieldDefaults.StrokeWidth; paddingValues: PaddingValues = CupertinoBorderedTextFieldDefaults.PaddingValues; contentAlignment: Alignment.Vertical = Alignment.CenterVertically; colors: CupertinoTextFieldColors = CupertinoBorderedTextFieldDefaults.colors()
cupertino,commonMain,CupertinoTextFieldColors.equals,cupertino/src/commonMain/kotlin/io/github/alexzhirkevich/cupertino/CupertinoTextField.kt,538,available (some APIs use nonIos actual),available (some APIs use nonIos actual),False,other: Any?,,,,other: Any?
cupertino,commonMain,CupertinoTextFieldColors.hashCode,cupertino/src/commonMain/kotlin/io/github/alexzhirkevich/cupertino/CupertinoTextField.kt,573,available (some APIs use nonIos actual),available (some APIs use nonIos actual),False,,,,,
cupertino,commonMain,CupertinoBorderedTextFieldDefaults.colors,cupertino/src/commonMain/kotlin/io/github/alexzhirkevich/cupertino/CupertinoTextField.kt,655,available (some APIs use nonIos actual),available (some APIs use nonIos actual),True,,,,,"focusedTextColor: Color = CupertinoTheme.colorScheme.label; unfocusedTextColor: Color = CupertinoTheme.colorScheme.label; disabledTextColor: Color = CupertinoTheme.colorScheme.secondaryLabel; errorTextColor: Color = CupertinoColors.systemRed; focusedContainerColor: Color = Color.Transparent; unfocusedContainerColor: Color = focusedContainerColor; disabledContainerColor: Color = unfocusedContainerColor; errorContainerColor: Color = disabledContainerColor; cursorColor: Color = CupertinoTheme.colorScheme.accent; errorCursorColor: Color = errorTextColor; selectionColors: TextSelectionColors =             TextSelectionColors(cursorColor, cursorColor.copy(alpha = .25f)); focusedBorderColor: Color = CupertinoTheme.colorScheme.quaternaryLabel; unfocusedBorderColor: Color = focusedBorderColor; disabledBorderColor: Color = focusedBorderColor; errorBorderColor: Color = errorTextColor; focusedLeadingIconColor: Color = CupertinoTheme.colorScheme.secondaryLabel; unfocusedLeadingIconColor: Color = focusedLeadingIconColor; disabledLeadingIconColor: Color = focusedLeadingIconColor; errorLeadingIconColor: Color = focusedLeadingIconColor; focusedTrailingIconColor: Color = focusedLeadingIconColor; unfocusedTrailingIconColor: Color = focusedTrailingIconColor; disabledTrailingIconColor: Color = focusedTrailingIconColor; errorTrailingIconColor: Color = focusedTrailingIconColor; focusedPlaceholderColor: Color = CupertinoTheme.colorScheme.secondaryLabel; unfocusedPlaceholderColor: Color = focusedPlaceholderColor; disabledPlaceholderColor: Color = CupertinoTheme.colorScheme.tertiaryLabel; errorPlaceholderColor: Color = focusedPlaceholderColor"
cupertino,commonMain,CupertinoTextFieldDefaults.colors,cupertino/src/commonMain/kotlin/io/github/alexzhirkevich/cupertino/CupertinoTextField.kt,778,available (some APIs use nonIos actual),available (some APIs use nonIos actual),True,,,,,"focusedTextColor: Color = CupertinoTheme.colorScheme.label; unfocusedTextColor: Color = CupertinoTheme.colorScheme.label; disabledTextColor: Color = CupertinoTheme.colorScheme.secondaryLabel; errorTextColor: Color = CupertinoColors.systemRed; focusedContainerColor: Color = Color.Transparent; unfocusedContainerColor: Color = Color.Transparent; disabledContainerColor: Color = Color.Transparent; errorContainerColor: Color = Color.Transparent; cursorColor: Color = CupertinoTheme.colorScheme.accent; errorCursorColor: Color = CupertinoColors.systemRed; selectionColors: TextSelectionColors =             TextSelectionColors(cursorColor, cursorColor.copy(alpha = .25f)); focusedBorderColor: Color = Color.Transparent; unfocusedBorderColor: Color = Color.Transparent; disabledBorderColor: Color = Color.Transparent; errorBorderColor: Color = Color.Transparent; focusedLeadingIconColor: Color = CupertinoTheme.colorScheme.secondaryLabel; unfocusedLeadingIconColor: Color = focusedLeadingIconColor; disabledLeadingIconColor: Color = focusedLeadingIconColor; errorLeadingIconColor: Color = focusedLeadingIconColor; focusedTrailingIconColor: Color = focusedLeadingIconColor; unfocusedTrailingIconColor: Color = focusedTrailingIconColor; disabledTrailingIconColor: Color = focusedTrailingIconColor; errorTrailingIconColor: Color = focusedTrailingIconColor; focusedPlaceholderColor: Color = CupertinoTheme.colorScheme.secondaryLabel; unfocusedPlaceholderColor: Color = focusedPlaceholderColor; disabledPlaceholderColor: Color = CupertinoTheme.colorScheme.tertiaryLabel; errorPlaceholderColor: Color = focusedPlaceholderColor"
cupertino,commonMain,CupertinoTextFieldDefaults.DecorationBox,cupertino/src/commonMain/kotlin/io/github/alexzhirkevich/cupertino/CupertinoTextField.kt,839,available (some APIs use nonIos actual),available (some APIs use nonIos actual),True,valueIsEmpty: Boolean; innerTextField: @Composable () -> Unit; enabled: Boolean; contentAlignment: Alignment.Vertical; interactionSource: InteractionSource; textLayoutResult: TextLayoutResult?,,,innerTextField: @Composable () -> Unit; placeholder: @Composable (() -> Unit)? = null; leadingIcon: @Composable (() -> Unit)? = null; trailingIcon: @Composable (() -> Unit)? = null,valueIsEmpty: Boolean; innerTextField: @Composable () -> Unit; enabled: Boolean; contentAlignment: Alignment.Vertical; interactionSource: InteractionSource; textLayoutResult: TextLayoutResult?; isError: Boolean = false; modifier: Modifier = Modifier; placeholder: @Composable (() -> Unit)? = null; leadingIcon: @Composable (() -> Unit)? = null; trailingIcon: @Composable (() -> Unit)? = null; colors: CupertinoTextFieldColors = colors()
cupertino,commonMain,rememberCupertinoTimePickerState,cupertino/src/commonMain/kotlin/io/github/alexzhirkevich/cupertino/CupertinoTimePicker.kt,73,available (some APIs use nonIos actual),available (some APIs use nonIos actual),True,,,,,initialHour: Int = 0; initialMinute: Int = 0; is24Hour: Boolean = PlatformDateFormat.is24HourFormat(defaultLocale())
cupertino,commonMain,CupertinoTimePicker,cupertino/src/commonMain/kotlin/io/github/alexzhirkevich/cupertino/CupertinoTimePicker.kt,92,available (some APIs use nonIos actual),available (some APIs use nonIos actual),True,state: CupertinoTimePickerState,state: CupertinoTimePickerState,,,state: CupertinoTimePickerState; height : Dp = CupertinoPickerDefaults.Height; indicator: CupertinoPickerIndicator = CupertinoPickerDefaults.indicator(); containerColor : Color = LocalContainerColor.current.takeOrElse {         CupertinoTheme.colorScheme.secondarySystemGroupedBackground     }; modifier: Modifier = Modifier
cupertino,commonMain,CupertinoTimePickerState.Companion.Saver,cupertino/src/commonMain/kotlin/io/github/alexzhirkevich/cupertino/CupertinoTimePicker.kt,396,available (some APIs use nonIos actual),available (some APIs use nonIos actual),False,,,,,
cupertino,commonMain,LazyListState.isTopBarTransparent,cupertino/src/commonMain/kotlin/io/github/alexzhirkevich/cupertino/CupertinoTopBars.kt,93,available (some APIs use nonIos actual),available (some APIs use nonIos actual),True,,,,,topPadding : Dp = 0.dp
cupertino,commonMain,cupertinoTranslucentTopBarColor,cupertino/src/commonMain/kotlin/io/github/alexzhirkevich/cupertino/CupertinoTopBars.kt,125,available (some APIs use nonIos actual),available (some APIs use nonIos actual),True,color: Color; isTranslucent: Boolean; isTransparent: Boolean,,,,color: Color; isTranslucent: Boolean; isTransparent: Boolean
cupertino,commonMain,CupertinoTopAppBar,cupertino/src/commonMain/kotlin/io/github/alexzhirkevich/cupertino/CupertinoTopBars.kt,168,available (some APIs use nonIos actual),available (some APIs use nonIos actual),True,title: @Composable () -> Unit,isTranslucent : Boolean = LocalAppBarsState.current != null,,title: @Composable () -> Unit; navigationIcon: @Composable () -> Unit = {}; actions: @Composable (RowScope.() -> Unit) = {}; divider: @Composable () -> Unit = {         if (!isTransparent) {             CupertinoTopAppBarDefaults.divider()         }     },title: @Composable () -> Unit; modifier: Modifier = Modifier; navigationIcon: @Composable () -> Unit = {}; actions: @Composable (RowScope.() -> Unit) = {}; windowInsets: WindowInsets = LocalTopAppBarInsets.current ?: CupertinoTopAppBarDefaults.windowInsets; isTransparent : Boolean = false; isTranslucent : Boolean = LocalAppBarsState.current != null; divider: @Composable () -> Unit = {         if (!isTransparent) {             CupertinoTopAppBarDefaults.divider()         }     }; colors: CupertinoTopAppBarColors = CupertinoTopAppBarDefaults.topAppBarColors()
cupertino,commonMain,CupertinoNavigationTitle,cupertino/src/commonMain/kotlin/io/github/alexzhirkevich/cupertino/CupertinoTopBars.kt,245,available (some APIs use nonIos actual),available (some APIs use nonIos actual),True,content: @Composable () -> Unit,,,content: @Composable () -> Unit,modifier: Modifier = Modifier; maxFontScale : Float = NavTitleMaxFontScale; maxFontScaleDistance : Dp = NavTitleMaxFontScaleDistance; paddingValues: PaddingValues = CupertinoSectionDefaults.PaddingValues; content: @Composable () -> Unit
cupertino,commonMain,CupertinoTopAppBarColors.equals,cupertino/src/commonMain/kotlin/io/github/alexzhirkevich/cupertino/CupertinoTopBars.kt,540,available (some APIs use nonIos actual),available (some APIs use nonIos actual),False,other: Any?,,,,other: Any?
cupertino,commonMain,CupertinoTopAppBarColors.hashCode,cupertino/src/commonMain/kotlin/io/github/alexzhirkevich/cupertino/CupertinoTopBars.kt,553,available (some APIs use nonIos actual),available (some APIs use nonIos actual),False,,,,,
cupertino,commonMain,CupertinoTopAppBarDefaults.divider,cupertino/src/commonMain/kotlin/io/github/alexzhirkevich/cupertino/CupertinoTopBars.kt,779,available (some APIs use nonIos actual),available (some APIs use nonIos actual),True,,,,,
cupertino,commonMain,CupertinoTopAppBarDefaults.topAppBarColors,cupertino/src/commonMain/kotlin/io/github/alexzhirkevich/cupertino/CupertinoTopBars.kt,803,available (some APIs use nonIos actual),available (some APIs use nonIos actual),True,,,,,containerColor: Color = CupertinoTheme.colorScheme.tertiarySystemBackground; scrolledContainerColor: Color = Color.Transparent; navigationIconContentColor: Color = CupertinoTheme.colorScheme.accent; titleContentColor: Color = CupertinoTheme.colorScheme.label; actionIconContentColor: Color = CupertinoTheme.colorScheme.accent
cupertino,commonMain,Modifier.haze,cupertino/src/commonMain/kotlin/io/github/alexzhirkevich/cupertino/HazePlatform.kt,51,available (some APIs use nonIos actual),available (some APIs use nonIos actual),True,vararg area: Rect; backgroundColor: Color,,,,vararg area: Rect; backgroundColor: Color; tint: Color = HazeDefaults.tint(backgroundColor); blurRadius: Dp = HazeDefaults.blurRadius
cupertino,commonMain,HazeDefaults.tint,cupertino/src/commonMain/kotlin/io/github/alexzhirkevich/cupertino/HazePlatform.kt,82,available (some APIs use nonIos actual),available (some APIs use nonIos actual),False,color: Color,,,,color: Color
cupertino,commonMain,CupertinoDivider,cupertino/src/commonMain/kotlin/io/github/alexzhirkevich/cupertino/Separator.kt,49,available (some APIs use nonIos actual),available (some APIs use nonIos actual),True,,,,,modifier: Modifier = Modifier; thickness : Dp = CupertinoDividerDefaults.Thickness; color : Color = CupertinoDividerDefaults.color
cupertino,commonMain,CupertinoHorizontalDivider,cupertino/src/commonMain/kotlin/io/github/alexzhirkevich/cupertino/Separator.kt,56,available (some APIs use nonIos actual),available (some APIs use nonIos actual),True,,,,,modifier: Modifier = Modifier; thickness : Dp = CupertinoDividerDefaults.Thickness; color : Color = CupertinoDividerDefaults.color
cupertino,commonMain,CupertinoVerticalDivider,cupertino/src/commonMain/kotlin/io/github/alexzhirkevich/cupertino/Separator.kt,76,available (some APIs use nonIos actual),available (some APIs use nonIos actual),True,,,,,modifier: Modifier = Modifier; thickness : Dp = CupertinoDividerDefaults.Thickness; color : Color = CupertinoDividerDefaults.color
cupertino,commonMain,CupertinoSurface,cupertino/src/commonMain/kotlin/io/github/alexzhirkevich/cupertino/Surface.kt,47,available (some APIs use nonIos actual),available (some APIs use nonIos actual),True,content: @Composable () -> Unit,,,content: @Composable () -> Unit,modifier: Modifier = Modifier; shape: Shape = RectangleShape; color: Color = CupertinoTheme.colorScheme.systemBackground; shadowElevation : Dp = 0.dp; contentColor: Color = LocalContentColor.current; content: @Composable () -> Unit
cupertino,commonMain,CupertinoSurface,cupertino/src/commonMain/kotlin/io/github/alexzhirkevich/cupertino/Surface.kt,80,available (some APIs use nonIos actual),available (some APIs use nonIos actual),True,onClick: () -> Unit; content: @Composable () -> Unit,,onClick: () -> Unit,content: @Composable () -> Unit,onClick: () -> Unit; modifier: Modifier = Modifier; enabled: Boolean = true; shape: Shape = RectangleShape; color: Color = CupertinoTheme.colorScheme.systemBackground; contentColor: Color = LocalContentColor.current; border: BorderStroke? = null; indication: Indication? = LocalIndication.current; interactionSource: MutableInteractionSource = remember { MutableInteractionSource() }; content: @Composable () -> Unit
cupertino,commonMain,Surface,cupertino/src/commonMain/kotlin/io/github/alexzhirkevich/cupertino/Surface.kt,126,available (some APIs use nonIos actual),available (some APIs use nonIos actual),True,content: @Composable () -> Unit,,,content: @Composable () -> Unit,modifier: Modifier = Modifier; shape: Shape = RectangleShape; color: Color = CupertinoTheme.colorScheme.systemBackground; shadowElevation : Dp = 0.dp; contentColor: Color = LocalContentColor.current; content: @Composable () -> Unit
cupertino,commonMain,Surface,cupertino/src/commonMain/kotlin/io/github/alexzhirkevich/cupertino/Surface.kt,150,available (some APIs use nonIos actual),available (some APIs use nonIos actual),True,onClick: () -> Unit; content: @Composable () -> Unit,,onClick: () -> Unit,content: @Composable () -> Unit,onClick: () -> Unit; modifier: Modifier = Modifier; enabled: Boolean = true; shape: Shape = RectangleShape; color: Color = CupertinoTheme.colorScheme.systemBackground; contentColor: Color = LocalContentColor.current; border: BorderStroke? = null; indication: Indication? = LocalIndication.current; interactionSource: MutableInteractionSource = remember { MutableInteractionSource() }; content: @Composable () -> Unit
cupertino,commonMain,TabPosition.equals,cupertino/src/commonMain/kotlin/io/github/alexzhirkevich/cupertino/TabRow.kt,186,available (some APIs use nonIos actual),available (some APIs use nonIos actual),False,other: Any?,,,,other: Any?
cupertino,commonMain,TabPosition.hashCode,cupertino/src/commonMain/kotlin/io/github/alexzhirkevich/cupertino/TabRow.kt,196,available (some APIs use nonIos actual),available (some APIs use nonIos actual),False,,,,,
cupertino,commonMain,TabPosition.toString,cupertino/src/commonMain/kotlin/io/github/alexzhirkevich/cupertino/TabRow.kt,202,available (some APIs use nonIos actual),available (some APIs use nonIos actual),False,,,,,
cupertino,commonMain,TabRowDefaults.Modifier.tabIndicatorOffset,cupertino/src/commonMain/kotlin/io/github/alexzhirkevich/cupertino/TabRow.kt,220,available (some APIs use nonIos actual),available (some APIs use nonIos actual),False,currentTabPosition: TabPosition,,,,currentTabPosition: TabPosition
cupertino,commonMain,CupertinoText,cupertino/src/commonMain/kotlin/io/github/alexzhirkevich/cupertino/Text.kt,92,available (some APIs use nonIos actual),available (some APIs use nonIos actual),True,text: String,,onTextLayout: (TextLayoutResult) -> Unit = {},,text: String; modifier: Modifier = Modifier; color: Color = Color.Unspecified; fontSize: TextUnit = TextUnit.Unspecified; fontStyle: FontStyle? = null; fontWeight: FontWeight? = null; fontFamily: FontFamily? = null; letterSpacing: TextUnit = TextUnit.Unspecified; textDecoration: TextDecoration? = null; textAlign: TextAlign = TextAlign.Unspecified; lineHeight: TextUnit = TextUnit.Unspecified; overflow: TextOverflow = TextOverflow.Clip; softWrap: Boolean = true; maxLines: Int = Int.MAX_VALUE; minLines: Int = 1; onTextLayout: (TextLayoutResult) -> Unit = {}; style: TextStyle = LocalTextStyle.current
cupertino,commonMain,CupertinoText,cupertino/src/commonMain/kotlin/io/github/alexzhirkevich/cupertino/Text.kt,149,available (some APIs use nonIos actual),available (some APIs use nonIos actual),True,text: String,,onTextLayout: (TextLayoutResult) -> Unit = {},,text: String; modifier: Modifier = Modifier; color: Color = Color.Unspecified; fontSize: TextUnit = TextUnit.Unspecified; fontStyle: FontStyle? = null; fontWeight: FontWeight? = null; fontFamily: FontFamily? = null; letterSpacing: TextUnit = TextUnit.Unspecified; textDecoration: TextDecoration? = null; textAlign: TextAlign = TextAlign.Unspecified; lineHeight: TextUnit = TextUnit.Unspecified; overflow: TextOverflow = TextOverflow.Clip; softWrap: Boolean = true; maxLines: Int = Int.MAX_VALUE; onTextLayout: (TextLayoutResult) -> Unit = {}; style: TextStyle = LocalTextStyle.current
cupertino,commonMain,CupertinoText,cupertino/src/commonMain/kotlin/io/github/alexzhirkevich/cupertino/Text.kt,241,available (some APIs use nonIos actual),available (some APIs use nonIos actual),True,text: AnnotatedString,,onTextLayout: (TextLayoutResult) -> Unit = {},,"text: AnnotatedString; modifier: Modifier = Modifier; color: Color = Color.Unspecified; fontSize: TextUnit = TextUnit.Unspecified; fontStyle: FontStyle? = null; fontWeight: FontWeight? = null; fontFamily: FontFamily? = null; letterSpacing: TextUnit = TextUnit.Unspecified; textDecoration: TextDecoration? = null; textAlign: TextAlign = TextAlign.Unspecified; lineHeight: TextUnit = TextUnit.Unspecified; overflow: TextOverflow = TextOverflow.Clip; softWrap: Boolean = true; maxLines: Int = Int.MAX_VALUE; minLines: Int = 1; inlineContent: Map<String, InlineTextContent> = mapOf(); onTextLayout: (TextLayoutResult) -> Unit = {}; style: TextStyle = LocalTextStyle.current"
cupertino,commonMain,CupertinoText,cupertino/src/commonMain/kotlin/io/github/alexzhirkevich/cupertino/Text.kt,299,available (some APIs use nonIos actual),available (some APIs use nonIos actual),True,text: AnnotatedString,,onTextLayout: (TextLayoutResult) -> Unit = {},,"text: AnnotatedString; modifier: Modifier = Modifier; color: Color = Color.Unspecified; fontSize: TextUnit = TextUnit.Unspecified; fontStyle: FontStyle? = null; fontWeight: FontWeight? = null; fontFamily: FontFamily? = null; letterSpacing: TextUnit = TextUnit.Unspecified; textDecoration: TextDecoration? = null; textAlign: TextAlign = TextAlign.Unspecified; lineHeight: TextUnit = TextUnit.Unspecified; overflow: TextOverflow = TextOverflow.Clip; softWrap: Boolean = true; maxLines: Int = Int.MAX_VALUE; inlineContent: Map<String, InlineTextContent> = mapOf(); onTextLayout: (TextLayoutResult) -> Unit = {}; style: TextStyle = LocalTextStyle.current"
cupertino,commonMain,ProvideTextStyle,cupertino/src/commonMain/kotlin/io/github/alexzhirkevich/cupertino/Text.kt,348,available (some APIs use nonIos actual),available (some APIs use nonIos actual),True,value: TextStyle; content: @Composable () -> Unit,,,content: @Composable () -> Unit,value: TextStyle; content: @Composable () -> Unit
cupertino,commonMain,CupertinoLinkIcon,cupertino/src/commonMain/kotlin/io/github/alexzhirkevich/cupertino/section/CupertinoLinkIcon.kt,54,available (some APIs use nonIos actual),available (some APIs use nonIos actual),True,painter : Painter,,,,painter : Painter; modifier: Modifier = Modifier; containerColor: Color = CupertinoLabelIconDefaults.ContainerColor; tint : Color = CupertinoLabelIconDefaults.Tint; shape: Shape = CupertinoLabelIconDefaults.Shape; contentDescription : String? = null
cupertino,commonMain,CupertinoLinkIcon,cupertino/src/commonMain/kotlin/io/github/alexzhirkevich/cupertino/section/CupertinoLinkIcon.kt,83,available (some APIs use nonIos actual),available (some APIs use nonIos actual),True,imageVector : ImageVector,,,,imageVector : ImageVector; modifier: Modifier = Modifier; containerColor: Color = CupertinoLabelIconDefaults.ContainerColor; tint : Color = CupertinoLabelIconDefaults.Tint; shape: Shape = CupertinoLabelIconDefaults.Shape; contentDescription : String? = null
cupertino,commonMain,CupertinoLinkIcon,cupertino/src/commonMain/kotlin/io/github/alexzhirkevich/cupertino/section/CupertinoLinkIcon.kt,110,available (some APIs use nonIos actual),available (some APIs use nonIos actual),True,bitmap: ImageBitmap,,,,bitmap: ImageBitmap; modifier: Modifier = Modifier; containerColor: Color = CupertinoLabelIconDefaults.ContainerColor; tint : Color = CupertinoLabelIconDefaults.Tint; shape: Shape = CupertinoLabelIconDefaults.Shape; contentDescription : String? = null
cupertino,commonMain,CupertinoSectionDefaults.paddingValues,cupertino/src/commonMain/kotlin/io/github/alexzhirkevich/cupertino/section/CupertinoSectionDefaults.kt,90,available (some APIs use nonIos actual),available (some APIs use nonIos actual),True,style: SectionStyle; includePaddingBetweenSections: Boolean,,,,style: SectionStyle; includePaddingBetweenSections: Boolean
cupertino,commonMain,CupertinoSectionDefaults.shape,cupertino/src/commonMain/kotlin/io/github/alexzhirkevich/cupertino/section/CupertinoSectionDefaults.kt,107,available (some APIs use nonIos actual),available (some APIs use nonIos actual),True,,,,,style: SectionStyle = LocalSectionStyle.current
cupertino,commonMain,CupertinoSectionDefaults.titleColor,cupertino/src/commonMain/kotlin/io/github/alexzhirkevich/cupertino/section/CupertinoSectionDefaults.kt,114,available (some APIs use nonIos actual),available (some APIs use nonIos actual),True,style: SectionStyle,,,,style: SectionStyle
cupertino,commonMain,CupertinoSectionDefaults.titleTextStyle,cupertino/src/commonMain/kotlin/io/github/alexzhirkevich/cupertino/section/CupertinoSectionDefaults.kt,120,available (some APIs use nonIos actual),available (some APIs use nonIos actual),True,,,,,style: SectionStyle = LocalSectionStyle.current
cupertino,commonMain,CupertinoSectionDefaults.captionTextStyle,cupertino/src/commonMain/kotlin/io/github/alexzhirkevich/cupertino/section/CupertinoSectionDefaults.kt,132,available (some APIs use nonIos actual),available (some APIs use nonIos actual),True,,,,,style: SectionStyle = LocalSectionStyle.current
cupertino,commonMain,CupertinoSectionDefaults.captionColor,cupertino/src/commonMain/kotlin/io/github/alexzhirkevich/cupertino/section/CupertinoSectionDefaults.kt,139,available (some APIs use nonIos actual),available (some APIs use nonIos actual),True,,,,,style: SectionStyle = LocalSectionStyle.current
cupertino,commonMain,CupertinoSectionDefaults.containerColor,cupertino/src/commonMain/kotlin/io/github/alexzhirkevich/cupertino/section/CupertinoSectionDefaults.kt,146,available (some APIs use nonIos actual),available (some APIs use nonIos actual),True,style: SectionStyle,,,,style: SectionStyle
cupertino,commonMain,CupertinoSectionDefaults.PickerButton,cupertino/src/commonMain/kotlin/io/github/alexzhirkevich/cupertino/section/CupertinoSectionDefaults.kt,151,available (some APIs use nonIos actual),available (some APIs use nonIos actual),True,modifier: Modifier; expanded: Boolean; title: @Composable () -> Unit,,,title: @Composable () -> Unit,modifier: Modifier; expanded: Boolean; shape: Shape = CupertinoTheme.shapes.small; containerColor: Color = CupertinoTheme.colorScheme.quaternarySystemFill; activeContentColor: Color = CupertinoTheme.colorScheme.accent; contentColor: Color = CupertinoTheme.colorScheme.label; title: @Composable () -> Unit
cupertino,commonMain,CupertinoSectionDefaults.LabelChevron,cupertino/src/commonMain/kotlin/io/github/alexzhirkevich/cupertino/section/CupertinoSectionDefaults.kt,180,available (some APIs use nonIos actual),available (some APIs use nonIos actual),True,,,,,
cupertino,commonMain,CupertinoSectionDefaults.TextFieldClearButton,cupertino/src/commonMain/kotlin/io/github/alexzhirkevich/cupertino/section/CupertinoSectionDefaults.kt,193,available (some APIs use nonIos actual),available (some APIs use nonIos actual),True,visible : Boolean; onClick : () -> Unit,,onClick : () -> Unit,,visible : Boolean; onClick : () -> Unit
cupertino,commonMain,LazyListScope.section,cupertino/src/commonMain/kotlin/io/github/alexzhirkevich/cupertino/section/LazyListSection.kt,68,available (some APIs use nonIos actual),available (some APIs use nonIos actual),False,content: LazySectionScope.() -> Unit,state: SectionState? = null,content: LazySectionScope.() -> Unit,title: @Composable (LazyItemScope.() -> Unit)? = null; caption: @Composable (LazyItemScope.() -> Unit)? = null,style: SectionStyle? = null; state: SectionState? = null; enterTransition: EnterTransition = CupertinoSectionDefaults.EnterTransition; exitTransition: ExitTransition = CupertinoSectionDefaults.ExitTransition; shape : CornerBasedShape ?= null; color : Color = Color.Unspecified; title: @Composable (LazyItemScope.() -> Unit)? = null; caption: @Composable (LazyItemScope.() -> Unit)? = null; content: LazySectionScope.() -> Unit
cupertino,commonMain,LazyListScope.stickySection,cupertino/src/commonMain/kotlin/io/github/alexzhirkevich/cupertino/section/LazyListSection.kt,143,available (some APIs use nonIos actual),available (some APIs use nonIos actual),False,content: LazySectionScope.() -> Unit,state: SectionState? = null,content: LazySectionScope.() -> Unit,title: @Composable (LazyItemScope.(PaddingValues) -> Unit)? = null; caption: @Composable (LazyItemScope.() -> Unit)? = null,style: SectionStyle? = null; state: SectionState? = null; enterTransition: EnterTransition = CupertinoSectionDefaults.EnterTransition; exitTransition: ExitTransition = CupertinoSectionDefaults.ExitTransition; shape : CornerBasedShape ?= null; color : Color = Color.Unspecified; title: @Composable (LazyItemScope.(PaddingValues) -> Unit)? = null; caption: @Composable (LazyItemScope.() -> Unit)? = null; content: LazySectionScope.() -> Unit
cupertino,commonMain,LazySectionScope.item,cupertino/src/commonMain/kotlin/io/github/alexzhirkevich/cupertino/section/LazySectionScope.kt,106,available (some APIs use nonIos actual),available (some APIs use nonIos actual),False,content: @Composable (padding : PaddingValues) -> Unit,,,content: @Composable (padding : PaddingValues) -> Unit,key: Any? = null; contentType: Any? = null; dividerPadding : Dp = CupertinoSectionDefaults.DividerPadding; content: @Composable (padding : PaddingValues) -> Unit
cupertino,commonMain,LazySectionScope.link,cupertino/src/commonMain/kotlin/io/github/alexzhirkevich/cupertino/section/LazySectionScope.kt,131,available (some APIs use nonIos actual),available (some APIs use nonIos actual),False,onClick: () -> Unit; title: @Composable () -> Unit,,onClick: () -> Unit,icon: (@Composable () -> Unit)? = null; caption : @Composable () -> Unit = {}; trailingIcon : @Composable () -> Unit = {         CupertinoSectionDefaults.LabelChevron()     }; title: @Composable () -> Unit,onClick: () -> Unit; key: Any? = null; enabled: Boolean = true; icon: (@Composable () -> Unit)? = null; dividerPadding: Dp = if (icon != null)         CupertinoSectionDefaults.DividerPaddingWithIcon     else CupertinoSectionDefaults.DividerPadding; onClickLabel: String? = null; interactionSource: MutableInteractionSource? = null; caption : @Composable () -> Unit = {}; trailingIcon : @Composable () -> Unit = {         CupertinoSectionDefaults.LabelChevron()     }; title: @Composable () -> Unit
cupertino,commonMain,LazySectionScope.dropdownMenu,cupertino/src/commonMain/kotlin/io/github/alexzhirkevich/cupertino/section/LazySectionScope.kt,179,available (some APIs use nonIos actual),available (some APIs use nonIos actual),False,expanded: Boolean; onDismissRequest : () -> Unit; onClick: () -> Unit; title: @Composable () -> Unit; content : @Composable CupertinoMenuScope.() -> Unit,,onDismissRequest : () -> Unit; onClick: () -> Unit,icon: (@Composable () -> Unit)? = null; selectedLabel : @Composable () -> Unit = {}; title: @Composable () -> Unit; content : @Composable CupertinoMenuScope.() -> Unit,expanded: Boolean; onDismissRequest : () -> Unit; onClick: () -> Unit; modifier: Modifier = Modifier; key: Any? = null; enabled: Boolean = true; icon: (@Composable () -> Unit)? = null; width: Dp = CupertinoDropdownMenuDefaults.SmallWidth; dividerPadding: Dp = if (icon != null)         CupertinoSectionDefaults.DividerPaddingWithIcon     else CupertinoSectionDefaults.DividerPadding; onClickLabel: String? = null; interactionSource: MutableInteractionSource? = null; selectedLabel : @Composable () -> Unit = {}; title: @Composable () -> Unit; content : @Composable CupertinoMenuScope.() -> Unit
cupertino,commonMain,LazySectionScope.switch,cupertino/src/commonMain/kotlin/io/github/alexzhirkevich/cupertino/section/LazySectionScope.kt,260,available (some APIs use nonIos actual),available (some APIs use nonIos actual),False,checked: Boolean; onCheckedChange: (Boolean) -> Unit; title: @Composable () -> Unit,,onCheckedChange: (Boolean) -> Unit,icon: (@Composable () -> Unit)? = null; thumbContent: @Composable (() -> Unit)? = null; title: @Composable () -> Unit,checked: Boolean; onCheckedChange: (Boolean) -> Unit; modifier: Modifier = Modifier; key: Any? = null; enabled: Boolean = true; colors : CupertinoSwitchColors ?= null; icon: (@Composable () -> Unit)? = null; dividerPadding: Dp = if (icon != null)         CupertinoSectionDefaults.DividerPaddingWithIcon     else CupertinoSectionDefaults.DividerPadding; interactionSource: MutableInteractionSource? = null; thumbContent: @Composable (() -> Unit)? = null; title: @Composable () -> Unit
cupertino,commonMain,LazySectionScope.datePicker,cupertino/src/commonMain/kotlin/io/github/alexzhirkevich/cupertino/section/LazySectionScope.kt,308,available (some APIs use nonIos actual),available (some APIs use nonIos actual),False,state: CupertinoDatePickerState; expanded : Boolean; onExpandedChange : (Boolean) -> Unit; title: @Composable () -> Unit,state: CupertinoDatePickerState,onExpandedChange : (Boolean) -> Unit,"icon: (@Composable () -> Unit)? = null; button : @Composable (         buttonModifier : Modifier,         titleModifier: Modifier,         text : String     ) -> Unit = { buttonModifier, titleModifier, text ->         CupertinoSectionDefaults.PickerButton(             modifier = buttonModifier,             containerColor = buttonColor,             expanded = expanded,             title = {                 CupertinoText(                     text = text,                     modifier = titleModifier                 )             }         )     }; title: @Composable () -> Unit","state: CupertinoDatePickerState; expanded : Boolean; onExpandedChange : (Boolean) -> Unit; modifier: Modifier = Modifier; style : DatePickerStyle? = null; enabled: Boolean = true; icon: (@Composable () -> Unit)? = null; dividerPadding: Dp = if (icon != null)         CupertinoSectionDefaults.DividerPaddingWithIcon     else CupertinoSectionDefaults.DividerPadding; buttonColor : Color = Color.Unspecified; button : @Composable (         buttonModifier : Modifier,         titleModifier: Modifier,         text : String     ) -> Unit = { buttonModifier, titleModifier, text ->         CupertinoSectionDefaults.PickerButton(             modifier = buttonModifier,             containerColor = buttonColor,             expanded = expanded,             title = {                 CupertinoText(                     text = text,                     modifier = titleModifier                 )             }         )     }; title: @Composable () -> Unit"
cupertino,commonMain,LazySectionScope.timePicker,cupertino/src/commonMain/kotlin/io/github/alexzhirkevich/cupertino/section/LazySectionScope.kt,372,available (some APIs use nonIos actual),available (some APIs use nonIos actual),False,state: CupertinoTimePickerState; expanded: Boolean; onExpandedChange: (Boolean) -> Unit; title: @Composable () -> Unit,state: CupertinoTimePickerState,onExpandedChange: (Boolean) -> Unit,"icon: @Composable() (() -> Unit)? = null; button: @Composable (buttonModifier: Modifier, titleModifier: Modifier, text: String) -> Unit = { buttonModifier, titleModifier, text ->         CupertinoSectionDefaults.PickerButton(             modifier = buttonModifier,             containerColor = buttonColor,             expanded = expanded,             title = {                 CupertinoText(                     text = text,                     modifier = titleModifier                 )             }         )     }; title: @Composable () -> Unit","state: CupertinoTimePickerState; expanded: Boolean; onExpandedChange: (Boolean) -> Unit; modifier: Modifier = Modifier; enabled: Boolean = true; icon: @Composable() (() -> Unit)? = null; dividerPadding: Dp = if (icon != null)         CupertinoSectionDefaults.DividerPaddingWithIcon     else CupertinoSectionDefaults.DividerPadding; buttonColor : Color = Color.Unspecified; button: @Composable (buttonModifier: Modifier, titleModifier: Modifier, text: String) -> Unit = { buttonModifier, titleModifier, text ->         CupertinoSectionDefaults.PickerButton(             modifier = buttonModifier,             containerColor = buttonColor,             expanded = expanded,             title = {                 CupertinoText(                     text = text,                     modifier = titleModifier                 )             }         )     }; title: @Composable () -> Unit"
cupertino,commonMain,LazySectionScope.textField,cupertino/src/commonMain/kotlin/io/github/alexzhirkevich/cupertino/section/LazySectionScope.kt,425,available (some APIs use nonIos actual),available (some APIs use nonIos actual),False,value: String; onValueChange: (String) -> Unit,,onValueChange: (String) -> Unit,"placeholder: @Composable (() -> Unit)? = null; trailingIcon: @Composable ((InteractionSource) -> Unit)? = {         val focused by it.collectIsFocusedAsState()          val updatedValueChange by rememberUpdatedState(onValueChange)          CupertinoSectionDefaults.TextFieldClearButton(             visible = focused && value.isNotEmpty(),             onClick = {                 updatedValueChange.invoke("""")             }         )     }","value: String; onValueChange: (String) -> Unit; modifier: Modifier = Modifier; enabled: Boolean = true; readOnly: Boolean = false; textStyle: TextStyle? = null; placeholder: @Composable (() -> Unit)? = null; trailingIcon: @Composable ((InteractionSource) -> Unit)? = {         val focused by it.collectIsFocusedAsState()          val updatedValueChange by rememberUpdatedState(onValueChange)          CupertinoSectionDefaults.TextFieldClearButton(             visible = focused && value.isNotEmpty(),             onClick = {                 updatedValueChange.invoke("""")             }         )     }; visualTransformation: VisualTransformation = VisualTransformation.None; keyboardOptions: KeyboardOptions = KeyboardOptions.Default; keyboardActions: KeyboardActions = KeyboardActions.Default; singleLine: Boolean = false; maxLines: Int = if (singleLine) 1 else Int.MAX_VALUE; minLines: Int = 1; interactionSource: MutableInteractionSource? = null; dividerPadding: Dp = CupertinoSectionDefaults.DividerPadding; colors: CupertinoTextFieldColors? = null"
cupertino,commonMain,LazySectionScope.items,cupertino/src/commonMain/kotlin/io/github/alexzhirkevich/cupertino/section/LazySectionScope.kt,503,available (some APIs use nonIos actual),available (some APIs use nonIos actual),False,"count : Int; crossinline content: @Composable (idx : Int, padding : PaddingValues) -> Unit",,key: (Int) -> Any? = { null }; contentType: (Int) -> Any? = { null },"crossinline content: @Composable (idx : Int, padding : PaddingValues) -> Unit","count : Int; key: (Int) -> Any? = { null }; contentType: (Int) -> Any? = { null }; dividerPadding : Dp = CupertinoSectionDefaults.DividerPadding; crossinline content: @Composable (idx : Int, padding : PaddingValues) -> Unit"
cupertino,commonMain,<T> LazySectionScope.items,cupertino/src/commonMain/kotlin/io/github/alexzhirkevich/cupertino/section/LazySectionScope.kt,528,available (some APIs use nonIos actual),available (some APIs use nonIos actual),False,"items : Collection<T>; crossinline content: @Composable (item : T, padding : PaddingValues) -> Unit",,key: (T) -> Any? = { null }; contentType: (T) -> Any? = { null },"crossinline content: @Composable (item : T, padding : PaddingValues) -> Unit","items : Collection<T>; key: (T) -> Any? = { null }; contentType: (T) -> Any? = { null }; dividerPadding : Dp = CupertinoSectionDefaults.DividerPadding; crossinline content: @Composable (item : T, padding : PaddingValues) -> Unit"
cupertino,commonMain,CupertinoSection,cupertino/src/commonMain/kotlin/io/github/alexzhirkevich/cupertino/section/Section.kt,65,available (some APIs use nonIos actual),available (some APIs use nonIos actual),True,content : @Composable SectionScope.() -> Unit,state: SectionState = rememberSectionState(canCollapse = true),,title : (@Composable () -> Unit)? = null; caption : (@Composable () -> Unit)? = null; content : @Composable SectionScope.() -> Unit,"modifier : Modifier = Modifier; style: SectionStyle = LocalSectionStyle.current; state: SectionState = rememberSectionState(canCollapse = true); enterTransition: EnterTransition = CupertinoSectionDefaults.EnterTransition; exitTransition: ExitTransition = CupertinoSectionDefaults.ExitTransition; shape : CornerBasedShape = CupertinoSectionDefaults.shape(style); color: Color = if (style.grouped)         CupertinoSectionDefaults.Color     else Color.Transparent; dividerPadding: PaddingValues = PaddingValues(         start = CupertinoSectionDefaults.DividerPadding     ); contentPadding : PaddingValues = CupertinoSectionDefaults.paddingValues(         style = style,         includePaddingBetweenSections = true     ); title : (@Composable () -> Unit)? = null; caption : (@Composable () -> Unit)? = null; content : @Composable SectionScope.() -> Unit"
cupertino,commonMain,SectionScope.SectionItem,cupertino/src/commonMain/kotlin/io/github/alexzhirkevich/cupertino/section/SectionScope.kt,75,available (some APIs use nonIos actual),available (some APIs use nonIos actual),True,title: @Composable () -> Unit,,,leadingContent: @Composable () -> Unit = {}; trailingContent: @Composable () -> Unit = {}; title: @Composable () -> Unit,modifier: Modifier = Modifier; paddingValues: PaddingValues = CupertinoSectionDefaults.PaddingValues; leadingContent: @Composable () -> Unit = {}; trailingContent: @Composable () -> Unit = {}; title: @Composable () -> Unit
cupertino,commonMain,SectionScope.SectionLink,cupertino/src/commonMain/kotlin/io/github/alexzhirkevich/cupertino/section/SectionScope.kt,123,available (some APIs use nonIos actual),available (some APIs use nonIos actual),True,onClick: () -> Unit; title: @Composable () -> Unit,,onClick: () -> Unit,icon: @Composable () -> Unit = {}; caption : @Composable () -> Unit = {}; chevron : @Composable () -> Unit = {         CupertinoSectionDefaults.LabelChevron()     }; title: @Composable () -> Unit,onClick: () -> Unit; modifier: Modifier = Modifier; enabled: Boolean = true; icon: @Composable () -> Unit = {}; onClickLabel: String? = null; indication: Indication? = LocalIndication.current; interactionSource: MutableInteractionSource? = null; caption : @Composable () -> Unit = {}; chevron : @Composable () -> Unit = {         CupertinoSectionDefaults.LabelChevron()     }; title: @Composable () -> Unit
cupertino,commonMain,SectionScope.SectionDropdownMenu,cupertino/src/commonMain/kotlin/io/github/alexzhirkevich/cupertino/section/SectionScope.kt,168,available (some APIs use nonIos actual),available (some APIs use nonIos actual),True,onClick: () -> Unit; title: @Composable () -> Unit; menu : @Composable (PaddingValues) -> Unit,,onClick: () -> Unit,icon: @Composable () -> Unit = {}; selectedLabel : @Composable () -> Unit = {}; title: @Composable () -> Unit; menu : @Composable (PaddingValues) -> Unit,onClick: () -> Unit; modifier: Modifier = Modifier; enabled: Boolean = true; icon: @Composable () -> Unit = {}; onClickLabel: String? = null; interactionSource: MutableInteractionSource? = null; selectedLabel : @Composable () -> Unit = {}; title: @Composable () -> Unit; menu : @Composable (PaddingValues) -> Unit
cupertino,commonMain,SectionScope.SectionDatePicker,cupertino/src/commonMain/kotlin/io/github/alexzhirkevich/cupertino/section/SectionScope.kt,218,available (some APIs use nonIos actual),available (some APIs use nonIos actual),True,state: CupertinoDatePickerState; expanded : Boolean; onExpandedChange : (Boolean) -> Unit; picker : @Composable () -> Unit; title: @Composable () -> Unit,state: CupertinoDatePickerState,onExpandedChange : (Boolean) -> Unit,"leadingContent: @Composable () -> Unit = {}; button : @Composable (         buttonModifier : Modifier,         titleModifier: Modifier,         text : String     ) -> Unit = { buttonModifier, titleModifier, text ->         CupertinoSectionDefaults.PickerButton(             modifier = buttonModifier,             containerColor = buttonColor,             expanded = expanded,             title = {                 CupertinoText(                     text = text,                     modifier = titleModifier                 )             }         )     }; picker : @Composable () -> Unit; title: @Composable () -> Unit","state: CupertinoDatePickerState; expanded : Boolean; modifier: Modifier = Modifier; onExpandedChange : (Boolean) -> Unit; enabled: Boolean = true; leadingContent: @Composable () -> Unit = {}; buttonColor : Color = Color.Unspecified; button : @Composable (         buttonModifier : Modifier,         titleModifier: Modifier,         text : String     ) -> Unit = { buttonModifier, titleModifier, text ->         CupertinoSectionDefaults.PickerButton(             modifier = buttonModifier,             containerColor = buttonColor,             expanded = expanded,             title = {                 CupertinoText(                     text = text,                     modifier = titleModifier                 )             }         )     }; picker : @Composable () -> Unit; title: @Composable () -> Unit"
cupertino,commonMain,SectionScope.SectionTimePicker,cupertino/src/commonMain/kotlin/io/github/alexzhirkevich/cupertino/section/SectionScope.kt,276,available (some APIs use nonIos actual),available (some APIs use nonIos actual),True,state: CupertinoTimePickerState; expanded: Boolean; onExpandedChange: (Boolean) -> Unit; picker : @Composable () -> Unit; title: @Composable () -> Unit,state: CupertinoTimePickerState,onExpandedChange: (Boolean) -> Unit,"leadingContent: @Composable () -> Unit = {}; button: @Composable (buttonModifier: Modifier, titleModifier: Modifier, text: String) -> Unit =         { buttonModifier, titleModifier, text ->             CupertinoSectionDefaults.PickerButton(                 modifier = buttonModifier,                 containerColor = buttonColor,                 expanded = expanded,                 title = {                     CupertinoText(                         text = text,                         modifier = titleModifier                     )                 }             )         }; picker : @Composable () -> Unit; title: @Composable () -> Unit","state: CupertinoTimePickerState; expanded: Boolean; onExpandedChange: (Boolean) -> Unit; modifier: Modifier = Modifier; enabled: Boolean = true; buttonColor : Color = Color.Unspecified; leadingContent: @Composable () -> Unit = {}; button: @Composable (buttonModifier: Modifier, titleModifier: Modifier, text: String) -> Unit =         { buttonModifier, titleModifier, text ->             CupertinoSectionDefaults.PickerButton(                 modifier = buttonModifier,                 containerColor = buttonColor,                 expanded = expanded,                 title = {                     CupertinoText(                         text = text,                         modifier = titleModifier                     )                 }             )         }; picker : @Composable () -> Unit; title: @Composable () -> Unit"
cupertino,commonMain,SectionScope.SectionTextField,cupertino/src/commonMain/kotlin/io/github/alexzhirkevich/cupertino/section/SectionScope.kt,325,available (some APIs use nonIos actual),available (some APIs use nonIos actual),True,value: String; onValueChange: (String) -> Unit,,onValueChange: (String) -> Unit,"placeholder: @Composable (() -> Unit)? = null; trailingIcon: @Composable ((InteractionSource) -> Unit)? = {         val focused by it.collectIsFocusedAsState()          val updatedValueChange by rememberUpdatedState(onValueChange)          CupertinoSectionDefaults.TextFieldClearButton(             visible = focused && value.isNotEmpty(),             onClick = {                 updatedValueChange.invoke("""")             }         )     }","value: String; onValueChange: (String) -> Unit; modifier: Modifier = Modifier; enabled: Boolean = true; readOnly: Boolean = false; textStyle: TextStyle? = null; placeholder: @Composable (() -> Unit)? = null; trailingIcon: @Composable ((InteractionSource) -> Unit)? = {         val focused by it.collectIsFocusedAsState()          val updatedValueChange by rememberUpdatedState(onValueChange)          CupertinoSectionDefaults.TextFieldClearButton(             visible = focused && value.isNotEmpty(),             onClick = {                 updatedValueChange.invoke("""")             }         )     }; visualTransformation: VisualTransformation = VisualTransformation.None; keyboardOptions: KeyboardOptions = KeyboardOptions.Default; keyboardActions: KeyboardActions = KeyboardActions.Default; singleLine: Boolean = false; maxLines: Int = if (singleLine) 1 else Int.MAX_VALUE; minLines: Int = 1; interactionSource: MutableInteractionSource? = null; colors: CupertinoTextFieldColors? = null"
cupertino,commonMain,rememberSectionState,cupertino/src/commonMain/kotlin/io/github/alexzhirkevich/cupertino/section/SectionState.kt,15,available (some APIs use nonIos actual),available (some APIs use nonIos actual),True,,,,,initiallyCollapsed: Boolean = false; canCollapse: Boolean = true
cupertino,commonMain,SectionState.toggle,cupertino/src/commonMain/kotlin/io/github/alexzhirkevich/cupertino/section/SectionState.kt,40,available (some APIs use nonIos actual),available (some APIs use nonIos actual),False,,,,,
cupertino,commonMain,SectionState.collapse,cupertino/src/commonMain/kotlin/io/github/alexzhirkevich/cupertino/section/SectionState.kt,46,available (some APIs use nonIos actual),available (some APIs use nonIos actual),False,,,,,
cupertino,commonMain,SectionState.expand,cupertino/src/commonMain/kotlin/io/github/alexzhirkevich/cupertino/section/SectionState.kt,50,available (some APIs use nonIos actual),available (some APIs use nonIos actual),False,,,,,
cupertino,commonMain,SectionState.Companion.Saver,cupertino/src/commonMain/kotlin/io/github/alexzhirkevich/cupertino/section/SectionState.kt,55,available (some APIs use nonIos actual),available (some APIs use nonIos actual),False,,,,,
cupertino,commonMain,ProvideSectionStyle,cupertino/src/commonMain/kotlin/io/github/alexzhirkevich/cupertino/section/SectionStyle.kt,50,available (some APIs use nonIos actual),available (some APIs use nonIos actual),True,style: SectionStyle; content : @Composable () -> Unit,,,content : @Composable () -> Unit,style: SectionStyle; content : @Composable () -> Unit
cupertino,commonMain,String.sectionTitle,cupertino/src/commonMain/kotlin/io/github/alexzhirkevich/cupertino/section/SectionStyle.kt,58,available (some APIs use nonIos actual),available (some APIs use nonIos actual),True,,,,,style: SectionStyle = LocalSectionStyle.current
cupertino,commonMain,Modifier.sectionContainerBackground,cupertino/src/commonMain/kotlin/io/github/alexzhirkevich/cupertino/section/SectionStyle.kt,65,available (some APIs use nonIos actual),available (some APIs use nonIos actual),False,,,,,style: SectionStyle? = null
cupertino,commonMain,CupertinoTheme,cupertino/src/commonMain/kotlin/io/github/alexzhirkevich/cupertino/theme/CupertinoTheme.kt,36,available (some APIs use nonIos actual),available (some APIs use nonIos actual),True,content : @Composable () -> Unit,,,content : @Composable () -> Unit,colorScheme: ColorScheme = if (isSystemInDarkTheme())         darkColorScheme() else lightColorScheme(); shapes: Shapes = Shapes(); typography: Typography = Typography(); content : @Composable () -> Unit
cupertino-adaptive,commonMain,AdaptationScope.cupertino,cupertino-adaptive/src/commonMain/kotlin/io/github/alexzhirkevich/cupertino/adaptive/Adaptation.kt,45,available (some APIs use nonIos actual),available (some APIs use nonIos actual),False,block: @Composable C.() -> Unit,,,block: @Composable C.() -> Unit,block: @Composable C.() -> Unit
cupertino-adaptive,commonMain,AdaptationScope.material,cupertino-adaptive/src/commonMain/kotlin/io/github/alexzhirkevich/cupertino/adaptive/Adaptation.kt,52,available (some APIs use nonIos actual),available (some APIs use nonIos actual),False,block: @Composable M.() -> Unit,,,block: @Composable M.() -> Unit,block: @Composable M.() -> Unit
cupertino-adaptive,commonMain,Adaptation.cupertino,cupertino-adaptive/src/commonMain/kotlin/io/github/alexzhirkevich/cupertino/adaptive/Adaptation.kt,65,available (some APIs use nonIos actual),available (some APIs use nonIos actual),False,block: @Composable C.() -> Unit,,,block: @Composable C.() -> Unit,block: @Composable C.() -> Unit
cupertino-adaptive,commonMain,Adaptation.material,cupertino-adaptive/src/commonMain/kotlin/io/github/alexzhirkevich/cupertino/adaptive/Adaptation.kt,69,available (some APIs use nonIos actual),available (some APIs use nonIos actual),False,block: @Composable M.() -> Unit,,,block: @Composable M.() -> Unit,block: @Composable M.() -> Unit
cupertino-adaptive,commonMain,AdaptiveAlertDialog,cupertino-adaptive/src/commonMain/kotlin/io/github/alexzhirkevich/cupertino/adaptive/AdaptiveAlertDialog.kt,47,available (some APIs use nonIos actual),available (some APIs use nonIos actual),True,onDismissRequest: () -> Unit; title: @Composable () -> Unit; buttons: AlertDialogActionsScope.() -> Unit,,"onDismissRequest: () -> Unit; adaptation : AdaptationScope<CupertinoAlertAdaptation, MaterialAlertAdaptation>.() -> Unit = {}; buttons: AlertDialogActionsScope.() -> Unit",title: @Composable () -> Unit; message: (@Composable () -> Unit)? = null,"onDismissRequest: () -> Unit; title: @Composable () -> Unit; message: (@Composable () -> Unit)? = null; properties: DialogProperties = DialogProperties(); adaptation : AdaptationScope<CupertinoAlertAdaptation, MaterialAlertAdaptation>.() -> Unit = {}; buttons: AlertDialogActionsScope.() -> Unit"
cupertino-adaptive,commonMain,AdaptiveAlertDialogNative,cupertino-adaptive/src/commonMain/kotlin/io/github/alexzhirkevich/cupertino/adaptive/AdaptiveAlertDialogNative.kt,43,available (some APIs use nonIos actual),available (some APIs use nonIos actual),True,onDismissRequest: () -> Unit; title: String; message: String; buttons: NativeAlertDialogActionsScope.() -> Unit,,"onDismissRequest: () -> Unit; adaptation : AdaptationScope<CupertinoAlertAdaptationNative, MaterialAlertAdaptationNative>.() -> Unit = {}; buttons: NativeAlertDialogActionsScope.() -> Unit",,"onDismissRequest: () -> Unit; title: String; message: String; properties: DialogProperties = DialogProperties(); adaptation : AdaptationScope<CupertinoAlertAdaptationNative, MaterialAlertAdaptationNative>.() -> Unit = {}; buttons: NativeAlertDialogActionsScope.() -> Unit"
cupertino-adaptive,commonMain,AdaptiveButton,cupertino-adaptive/src/commonMain/kotlin/io/github/alexzhirkevich/cupertino/adaptive/AdaptiveButton.kt,54,available (some APIs use nonIos actual),available (some APIs use nonIos actual),True,onClick: () -> Unit; content: @Composable() (RowScope.() -> Unit),,"onClick: () -> Unit; adaptation: AdaptationScope<CupertinoButtonAdaptation, MaterialButtonAdaptation>.() -> Unit = {}",content: @Composable() (RowScope.() -> Unit),"onClick: () -> Unit; modifier: Modifier = Modifier; enabled: Boolean = true; border: BorderStroke? = null; interactionSource: MutableInteractionSource = remember { MutableInteractionSource() }; adaptation: AdaptationScope<CupertinoButtonAdaptation, MaterialButtonAdaptation>.() -> Unit = {}; content: @Composable() (RowScope.() -> Unit)"
cupertino-adaptive,commonMain,AdaptiveTextButton,cupertino-adaptive/src/commonMain/kotlin/io/github/alexzhirkevich/cupertino/adaptive/AdaptiveButton.kt,105,available (some APIs use nonIos actual),available (some APIs use nonIos actual),True,onClick: () -> Unit; content: @Composable() (RowScope.() -> Unit),,"onClick: () -> Unit; adaptation: AdaptationScope<CupertinoButtonAdaptation, MaterialButtonAdaptation>.() -> Unit = {}",content: @Composable() (RowScope.() -> Unit),"onClick: () -> Unit; modifier: Modifier = Modifier; enabled: Boolean = true; border: BorderStroke? = null; interactionSource: MutableInteractionSource = remember { MutableInteractionSource() }; adaptation: AdaptationScope<CupertinoButtonAdaptation, MaterialButtonAdaptation>.() -> Unit = {}; content: @Composable() (RowScope.() -> Unit)"
cupertino-adaptive,commonMain,AdaptiveTonalButton,cupertino-adaptive/src/commonMain/kotlin/io/github/alexzhirkevich/cupertino/adaptive/AdaptiveButton.kt,156,available (some APIs use nonIos actual),available (some APIs use nonIos actual),True,onClick: () -> Unit; content: @Composable() (RowScope.() -> Unit),,"onClick: () -> Unit; adaptation: AdaptationScope<CupertinoButtonAdaptation, MaterialButtonAdaptation>.() -> Unit = {}",content: @Composable() (RowScope.() -> Unit),"onClick: () -> Unit; modifier: Modifier = Modifier; enabled: Boolean = true; border: BorderStroke? = null; interactionSource: MutableInteractionSource = remember { MutableInteractionSource() }; adaptation: AdaptationScope<CupertinoButtonAdaptation, MaterialButtonAdaptation>.() -> Unit = {}; content: @Composable() (RowScope.() -> Unit)"
cupertino-adaptive,commonMain,AdaptiveCheckbox,cupertino-adaptive/src/commonMain/kotlin/io/github/alexzhirkevich/cupertino/adaptive/AdaptiveCheckbox.kt,23,available (some APIs use nonIos actual),available (some APIs use nonIos actual),True,checked: Boolean; onCheckedChange: ((Boolean) -> Unit)?,,"onCheckedChange: ((Boolean) -> Unit)?; adaptation : AdaptationScope<CupertinoCheckBoxAdaptation,MaterialCheckBoxAdaptation>.() -> Unit = {}",,"checked: Boolean; onCheckedChange: ((Boolean) -> Unit)?; modifier: Modifier = Modifier; enabled: Boolean = true; interactionSource: MutableInteractionSource = remember { MutableInteractionSource() }; adaptation : AdaptationScope<CupertinoCheckBoxAdaptation,MaterialCheckBoxAdaptation>.() -> Unit = {}"
cupertino-adaptive,commonMain,AdaptiveTriStateCheckbox,cupertino-adaptive/src/commonMain/kotlin/io/github/alexzhirkevich/cupertino/adaptive/AdaptiveCheckbox.kt,59,available (some APIs use nonIos actual),available (some APIs use nonIos actual),True,state: ToggleableState; onClick: (() -> Unit)?,state: ToggleableState,"onClick: (() -> Unit)?; adaptation : AdaptationScope<CupertinoCheckBoxAdaptation,MaterialCheckBoxAdaptation>.() -> Unit = {}",,"state: ToggleableState; onClick: (() -> Unit)?; modifier: Modifier = Modifier; enabled: Boolean = true; interactionSource: MutableInteractionSource = remember { MutableInteractionSource() }; adaptation : AdaptationScope<CupertinoCheckBoxAdaptation,MaterialCheckBoxAdaptation>.() -> Unit = {}"
cupertino-adaptive,commonMain,AdaptiveDatePicker,cupertino-adaptive/src/commonMain/kotlin/io/github/alexzhirkevich/cupertino/adaptive/AdaptiveDatePicker.kt,57,available (some APIs use nonIos actual),available (some APIs use nonIos actual),True,state : CupertinoDatePickerState,state : CupertinoDatePickerState,"adaptation: AdaptationScope<CupertinoDatePickerAdaptation, MaterialDatePickerAdaptation>. () -> Unit = {}",,"state : CupertinoDatePickerState; modifier: Modifier = Modifier; adaptation: AdaptationScope<CupertinoDatePickerAdaptation, MaterialDatePickerAdaptation>. () -> Unit = {}"
cupertino-adaptive,commonMain,AdaptiveDivider,cupertino-adaptive/src/commonMain/kotlin/io/github/alexzhirkevich/cupertino/adaptive/AdaptiveDivider.kt,45,available (some APIs use nonIos actual),available (some APIs use nonIos actual),True,,,"adaptation: AdaptationScope<DividerAdaptation,DividerAdaptation>.() -> Unit = {}",,"modifier: Modifier = Modifier; adaptation: AdaptationScope<DividerAdaptation,DividerAdaptation>.() -> Unit = {}"
cupertino-adaptive,commonMain,AdaptiveHorizontalDivider,cupertino-adaptive/src/commonMain/kotlin/io/github/alexzhirkevich/cupertino/adaptive/AdaptiveDivider.kt,53,available (some APIs use nonIos actual),available (some APIs use nonIos actual),True,,,"adaptation: AdaptationScope<DividerAdaptation,DividerAdaptation>.() -> Unit = {}",,"modifier: Modifier = Modifier; adaptation: AdaptationScope<DividerAdaptation,DividerAdaptation>.() -> Unit = {}"
cupertino-adaptive,commonMain,AdaptiveVerticalDivider,cupertino-adaptive/src/commonMain/kotlin/io/github/alexzhirkevich/cupertino/adaptive/AdaptiveDivider.kt,81,available (some APIs use nonIos actual),available (some APIs use nonIos actual),True,,,"adaptation: AdaptationScope<DividerAdaptation,DividerAdaptation>.() -> Unit = {}",,"modifier: Modifier = Modifier; adaptation: AdaptationScope<DividerAdaptation,DividerAdaptation>.() -> Unit = {}"
cupertino-adaptive,commonMain,AdaptiveIconButton,cupertino-adaptive/src/commonMain/kotlin/io/github/alexzhirkevich/cupertino/adaptive/AdaptiveIconButton.kt,40,available (some APIs use nonIos actual),available (some APIs use nonIos actual),True,onClick: () -> Unit; content: @Composable (() -> Unit),,"onClick: () -> Unit; adaptation: AdaptationScope<CupertinoIconButtonAdaptation, MaterialIconButtonAdaptation>.() -> Unit = {}",content: @Composable (() -> Unit),"onClick: () -> Unit; modifier: Modifier = Modifier; enabled: Boolean = true; interactionSource: MutableInteractionSource = remember { MutableInteractionSource() }; adaptation: AdaptationScope<CupertinoIconButtonAdaptation, MaterialIconButtonAdaptation>.() -> Unit = {}; content: @Composable (() -> Unit)"
cupertino-adaptive,commonMain,AdaptiveFilledIconButton,cupertino-adaptive/src/commonMain/kotlin/io/github/alexzhirkevich/cupertino/adaptive/AdaptiveIconButton.kt,78,available (some APIs use nonIos actual),available (some APIs use nonIos actual),True,onClick: () -> Unit; content: @Composable (() -> Unit),,"onClick: () -> Unit; adaptation: AdaptationScope<CupertinoIconButtonAdaptation, MaterialIconButtonAdaptation>.() -> Unit = {}",content: @Composable (() -> Unit),"onClick: () -> Unit; modifier: Modifier = Modifier; enabled: Boolean = true; interactionSource: MutableInteractionSource = remember { MutableInteractionSource() }; adaptation: AdaptationScope<CupertinoIconButtonAdaptation, MaterialIconButtonAdaptation>.() -> Unit = {}; content: @Composable (() -> Unit)"
cupertino-adaptive,commonMain,AdaptiveNavigationBar,cupertino-adaptive/src/commonMain/kotlin/io/github/alexzhirkevich/cupertino/adaptive/AdaptiveNavigationBar.kt,48,available (some APIs use nonIos actual),available (some APIs use nonIos actual),True,content: @Composable RowScope.() -> Unit,,"adaptation: AdaptationScope<CupertinoNavigationBarAdaptation, MaterialNavigationBarAdaptation>.() -> Unit = {}",content: @Composable RowScope.() -> Unit,"modifier: Modifier = Modifier; windowInsets: WindowInsets = NavigationBarDefaults.windowInsets; adaptation: AdaptationScope<CupertinoNavigationBarAdaptation, MaterialNavigationBarAdaptation>.() -> Unit = {}; content: @Composable RowScope.() -> Unit"
cupertino-adaptive,commonMain,RowScope.AdaptiveNavigationBarItem,cupertino-adaptive/src/commonMain/kotlin/io/github/alexzhirkevich/cupertino/adaptive/AdaptiveNavigationBar.kt,85,available (some APIs use nonIos actual),available (some APIs use nonIos actual),True,selected: Boolean; onClick: () -> Unit; icon: @Composable () -> Unit,,"onClick: () -> Unit; adaptation: AdaptationScope<CupertinoNavigationBarItemAdaptation, MaterialNavigationBarItemAdaptation>.() -> Unit = {}",icon: @Composable () -> Unit; label: @Composable (() -> Unit)? = null,"selected: Boolean; onClick: () -> Unit; icon: @Composable () -> Unit; modifier: Modifier = Modifier; enabled: Boolean = true; label: @Composable (() -> Unit)? = null; alwaysShowLabel: Boolean = true; interactionSource: MutableInteractionSource = remember { MutableInteractionSource() }; adaptation: AdaptationScope<CupertinoNavigationBarItemAdaptation, MaterialNavigationBarItemAdaptation>.() -> Unit = {}"
cupertino-adaptive,commonMain,AdaptiveCircularProgressIndicator,cupertino-adaptive/src/commonMain/kotlin/io/github/alexzhirkevich/cupertino/adaptive/AdaptiveProgressIndicator.kt,44,available (some APIs use nonIos actual),available (some APIs use nonIos actual),True,,,"adaptationScope: AdaptationScope<         CupertinoCircularProgressIndicatorAdaptation,         MaterialCircularProgressIndicatorAdaptation     >.() -> Unit = {}",,"modifier: Modifier = Modifier; adaptationScope: AdaptationScope<         CupertinoCircularProgressIndicatorAdaptation,         MaterialCircularProgressIndicatorAdaptation     >.() -> Unit = {}"
cupertino-adaptive,commonMain,AdaptiveScaffold,cupertino-adaptive/src/commonMain/kotlin/io/github/alexzhirkevich/cupertino/adaptive/AdaptiveScaffold.kt,45,available (some APIs use nonIos actual),available (some APIs use nonIos actual),True,content: @Composable (PaddingValues) -> Unit,,"adaptation : AdaptationScope<ScaffoldAdaptation,ScaffoldAdaptation>.() -> Unit = {}",topBar: @Composable () -> Unit = {}; bottomBar: @Composable () -> Unit = {}; snackbarHost: @Composable () -> Unit = {}; floatingActionButton: @Composable () -> Unit = {}; content: @Composable (PaddingValues) -> Unit,"modifier: Modifier = Modifier; topBar: @Composable () -> Unit = {}; bottomBar: @Composable () -> Unit = {}; snackbarHost: @Composable () -> Unit = {}; floatingActionButton: @Composable () -> Unit = {}; floatingActionButtonPosition: FabPosition = FabPosition.End; contentWindowInsets: WindowInsets = CupertinoScaffoldDefaults.contentWindowInsets; adaptation : AdaptationScope<ScaffoldAdaptation,ScaffoldAdaptation>.() -> Unit = {}; content: @Composable (PaddingValues) -> Unit"
cupertino-adaptive,commonMain,AdaptiveScaffold,cupertino-adaptive/src/commonMain/kotlin/io/github/alexzhirkevich/cupertino/adaptive/AdaptiveScaffold.kt,98,available (some APIs use nonIos actual),available (some APIs use nonIos actual),True,content: @Composable (PaddingValues) -> Unit,,,topBar: @Composable () -> Unit = {}; bottomBar: @Composable () -> Unit = {}; snackbarHost: @Composable () -> Unit = {}; floatingActionButton: @Composable () -> Unit = {}; content: @Composable (PaddingValues) -> Unit,modifier: Modifier = Modifier; topBar: @Composable () -> Unit = {}; bottomBar: @Composable () -> Unit = {}; snackbarHost: @Composable () -> Unit = {}; floatingActionButton: @Composable () -> Unit = {}; floatingActionButtonPosition: FabPosition = FabPosition.End; containerColor: Color = Color.Unspecified; contentColor: Color = Color.Unspecified; contentWindowInsets: WindowInsets = CupertinoScaffoldDefaults.contentWindowInsets; content: @Composable (PaddingValues) -> Unit
cupertino-adaptive,commonMain,AdaptiveSlider,cupertino-adaptive/src/commonMain/kotlin/io/github/alexzhirkevich/cupertino/adaptive/AdaptiveSlider.kt,66,available (some APIs use nonIos actual),available (some APIs use nonIos actual),True,value: Float; onValueChange: (Float) -> Unit,,"onValueChange: (Float) -> Unit; onValueChangeFinished: (() -> Unit)? = null; adaptation : AdaptationScope<CupertinoSliderAdaptation, MaterialSliderAdaptation>.() -> Unit = {}",,"value: Float; onValueChange: (Float) -> Unit; modifier: Modifier = Modifier; enabled: Boolean = true; valueRange: ClosedFloatingPointRange<Float> = 0f..1f; steps: Int = 0; onValueChangeFinished: (() -> Unit)? = null; interactionSource: MutableInteractionSource = remember { MutableInteractionSource() }; adaptation : AdaptationScope<CupertinoSliderAdaptation, MaterialSliderAdaptation>.() -> Unit = {}"
cupertino-adaptive,commonMain,AdaptiveRangeSlider,cupertino-adaptive/src/commonMain/kotlin/io/github/alexzhirkevich/cupertino/adaptive/AdaptiveSlider.kt,134,available (some APIs use nonIos actual),available (some APIs use nonIos actual),True,value: ClosedFloatingPointRange<Float>; onValueChange: (ClosedFloatingPointRange<Float>) -> Unit,,"onValueChange: (ClosedFloatingPointRange<Float>) -> Unit; onValueChangeFinished: (() -> Unit)? = null; adaptation : AdaptationScope<CupertinoSliderAdaptation, MaterialSliderAdaptation>.() -> Unit = {}",,"value: ClosedFloatingPointRange<Float>; onValueChange: (ClosedFloatingPointRange<Float>) -> Unit; modifier: Modifier = Modifier; enabled: Boolean = true; valueRange: ClosedFloatingPointRange<Float> = 0f..1f; steps: Int = 0; onValueChangeFinished: (() -> Unit)? = null; adaptation : AdaptationScope<CupertinoSliderAdaptation, MaterialSliderAdaptation>.() -> Unit = {}"
cupertino-adaptive,commonMain,AdaptiveSurface,cupertino-adaptive/src/commonMain/kotlin/io/github/alexzhirkevich/cupertino/adaptive/AdaptiveSurface.kt,36,available (some APIs use nonIos actual),available (some APIs use nonIos actual),True,content: @Composable () -> Unit,,,content: @Composable () -> Unit,modifier: Modifier = Modifier; shape: Shape = RectangleShape; color: Color = Color.Unspecified; contentColor: Color = Color.Unspecified; shadowElevation : Dp = 0.dp; content: @Composable () -> Unit
cupertino-adaptive,commonMain,AdaptiveSwitch,cupertino-adaptive/src/commonMain/kotlin/io/github/alexzhirkevich/cupertino/adaptive/AdaptiveSwitch.kt,54,available (some APIs use nonIos actual),available (some APIs use nonIos actual),True,checked: Boolean; onCheckedChange: (Boolean) -> Unit,,"onCheckedChange: (Boolean) -> Unit; adaptation: AdaptationScope<CupertinoSwitchAdaptation, MaterialSwitchAdaptation>.() -> Unit = {}",thumbContent: @Composable (() -> Unit)? = null,"checked: Boolean; onCheckedChange: (Boolean) -> Unit; modifier: Modifier = Modifier; thumbContent: @Composable (() -> Unit)? = null; enabled: Boolean = true; interactionSource: MutableInteractionSource = remember { MutableInteractionSource() }; adaptation: AdaptationScope<CupertinoSwitchAdaptation, MaterialSwitchAdaptation>.() -> Unit = {}"
cupertino-adaptive,commonMain,AdaptiveTheme,cupertino-adaptive/src/commonMain/kotlin/io/github/alexzhirkevich/cupertino/adaptive/AdaptiveTheme.kt,64,available (some APIs use nonIos actual),available (some APIs use nonIos actual),True,content: @Composable () -> Unit,,,content: @Composable () -> Unit,target: Theme = DefaultTheme; material: MaterialThemeSpec = MaterialThemeSpec.Default(); cupertino: CupertinoThemeSpec = CupertinoThemeSpec.Default(); content: @Composable () -> Unit
cupertino-adaptive,commonMain,AdaptiveTheme,cupertino-adaptive/src/commonMain/kotlin/io/github/alexzhirkevich/cupertino/adaptive/AdaptiveTheme.kt,134,available (some APIs use nonIos actual),available (some APIs use nonIos actual),True,content: @Composable () -> Unit,,,material: @Composable (content: @Composable () -> Unit) -> Unit = {         MaterialTheme(content = it)     }; cupertino: @Composable (content: @Composable () -> Unit) -> Unit = {         CupertinoTheme(content = it)     }; content: @Composable () -> Unit,target: Theme = DefaultTheme; material: @Composable (content: @Composable () -> Unit) -> Unit = {         MaterialTheme(content = it)     }; cupertino: @Composable (content: @Composable () -> Unit) -> Unit = {         CupertinoTheme(content = it)     }; content: @Composable () -> Unit
cupertino-adaptive,commonMain,MaterialThemeSpec.copy,cupertino-adaptive/src/commonMain/kotlin/io/github/alexzhirkevich/cupertino/adaptive/AdaptiveTheme.kt,172,available (some APIs use nonIos actual),available (some APIs use nonIos actual),False,,,,,colorScheme: MaterialColorScheme = this.colorScheme; shapes: MaterialShapes = this.shapes; typography: MaterialTypography = this.typography
cupertino-adaptive,commonMain,MaterialThemeSpec.toString,cupertino-adaptive/src/commonMain/kotlin/io/github/alexzhirkevich/cupertino/adaptive/AdaptiveTheme.kt,182,available (some APIs use nonIos actual),available (some APIs use nonIos actual),False,,,,,
cupertino-adaptive,commonMain,MaterialThemeSpec.Companion.Default,cupertino-adaptive/src/commonMain/kotlin/io/github/alexzhirkevich/cupertino/adaptive/AdaptiveTheme.kt,188,available (some APIs use nonIos actual),available (some APIs use nonIos actual),True,,,,,colorScheme: MaterialColorScheme = MaterialTheme.colorScheme; shapes: MaterialShapes = MaterialTheme.shapes; typography: MaterialTypography = MaterialTheme.typography
cupertino-adaptive,commonMain,CupertinoThemeSpec.copy,cupertino-adaptive/src/commonMain/kotlin/io/github/alexzhirkevich/cupertino/adaptive/AdaptiveTheme.kt,203,available (some APIs use nonIos actual),available (some APIs use nonIos actual),False,,,,,colorScheme : CupertinoColorScheme = this.colorScheme; shapes : CupertinoShapes = this.shapes; typography : CupertinoTypography = this.typography
cupertino-adaptive,commonMain,CupertinoThemeSpec.toString,cupertino-adaptive/src/commonMain/kotlin/io/github/alexzhirkevich/cupertino/adaptive/AdaptiveTheme.kt,213,available (some APIs use nonIos actual),available (some APIs use nonIos actual),False,,,,,
cupertino-adaptive,commonMain,CupertinoThemeSpec.Companion.Default,cupertino-adaptive/src/commonMain/kotlin/io/github/alexzhirkevich/cupertino/adaptive/AdaptiveTheme.kt,218,available (some APIs use nonIos actual),available (some APIs use nonIos actual),True,,,,,colorScheme: CupertinoColorScheme = CupertinoTheme.colorScheme; shapes: CupertinoShapes = CupertinoTheme.shapes; typography: CupertinoTypography = CupertinoTheme.typography
cupertino-adaptive,commonMain,AdaptiveTopAppBar,cupertino-adaptive/src/commonMain/kotlin/io/github/alexzhirkevich/cupertino/adaptive/AdaptiveTopAppBar.kt,43,available (some APIs use nonIos actual),available (some APIs use nonIos actual),True,title: @Composable () -> Unit,,"adaptation: AdaptationScope<CupertinoTopAppBarAdaptation, MaterialTopAppBarAdaptation>.() -> Unit = {}",title: @Composable () -> Unit; navigationIcon: @Composable () -> Unit = {}; actions: @Composable (RowScope.() -> Unit) = {},"title: @Composable () -> Unit; modifier: Modifier = Modifier; navigationIcon: @Composable () -> Unit = {}; actions: @Composable (RowScope.() -> Unit) = {}; windowInsets: WindowInsets = CupertinoTopAppBarDefaults.windowInsets; adaptation: AdaptationScope<CupertinoTopAppBarAdaptation, MaterialTopAppBarAdaptation>.() -> Unit = {}"
cupertino-adaptive,commonMain,AdaptiveWidget,cupertino-adaptive/src/commonMain/kotlin/io/github/alexzhirkevich/cupertino/adaptive/AdaptiveWidget.kt,25,available (some APIs use nonIos actual),available (some APIs use nonIos actual),True,material : @Composable () -> Unit; cupertino : @Composable () -> Unit,,,material : @Composable () -> Unit; cupertino : @Composable () -> Unit,material : @Composable () -> Unit; cupertino : @Composable () -> Unit
cupertino-adaptive,commonMain,"<C,M> AdaptiveWidget",cupertino-adaptive/src/commonMain/kotlin/io/github/alexzhirkevich/cupertino/adaptive/AdaptiveWidget.kt,37,available (some APIs use nonIos actual),available (some APIs use nonIos actual),True,"adaptation : Adaptation<C, M>; material : @Composable (M) -> Unit; cupertino : @Composable (C) -> Unit; adaptationScope : AdaptationScope<C, M>.() -> Unit",,"adaptationScope : AdaptationScope<C, M>.() -> Unit",material : @Composable (M) -> Unit; cupertino : @Composable (C) -> Unit,"adaptation : Adaptation<C, M>; material : @Composable (M) -> Unit; cupertino : @Composable (C) -> Unit; adaptationScope : AdaptationScope<C, M>.() -> Unit"
cupertino-adaptive,commonMain,Shapes.copy,cupertino-adaptive/src/commonMain/kotlin/io/github/alexzhirkevich/cupertino/adaptive/Shapes.kt,34,available (some APIs use nonIos actual),available (some APIs use nonIos actual),False,,,,,extraSmall: CornerBasedShape = this.extraSmall; small: CornerBasedShape = this.small; medium: CornerBasedShape = this.medium; large: CornerBasedShape = this.large; extraLarge: CornerBasedShape = this.extraLarge
cupertino-adaptive,commonMain,Shapes.toMaterial,cupertino-adaptive/src/commonMain/kotlin/io/github/alexzhirkevich/cupertino/adaptive/Shapes.kt,49,available (some APIs use nonIos actual),available (some APIs use nonIos actual),False,,,,,
cupertino-adaptive,commonMain,Shapes.toCupertino,cupertino-adaptive/src/commonMain/kotlin/io/github/alexzhirkevich/cupertino/adaptive/Shapes.kt,57,available (some APIs use nonIos actual),available (some APIs use nonIos actual),False,,,,,
cupertino-adaptive,commonMain,CupertinoShapes.toMaterial,cupertino-adaptive/src/commonMain/kotlin/io/github/alexzhirkevich/cupertino/adaptive/Shapes.kt,65,available (some APIs use nonIos actual),available (some APIs use nonIos actual),False,,,,,
cupertino-adaptive,commonMain,CupertinoShapes.toAdaptive,cupertino-adaptive/src/commonMain/kotlin/io/github/alexzhirkevich/cupertino/adaptive/Shapes.kt,73,available (some APIs use nonIos actual),available (some APIs use nonIos actual),False,,,,,
cupertino-adaptive,commonMain,MaterialShapes.toCupertino,cupertino-adaptive/src/commonMain/kotlin/io/github/alexzhirkevich/cupertino/adaptive/Shapes.kt,81,available (some APIs use nonIos actual),available (some APIs use nonIos actual),False,,,,,
cupertino-adaptive,commonMain,MaterialShapes.toAdaptive,cupertino-adaptive/src/commonMain/kotlin/io/github/alexzhirkevich/cupertino/adaptive/Shapes.kt,89,available (some APIs use nonIos actual),available (some APIs use nonIos actual),False,,,,,
cupertino-adaptive,commonMain,Color?.takeOrElse,cupertino-adaptive/src/commonMain/kotlin/io/github/alexzhirkevich/cupertino/adaptive/Util.adaptive.kt,23,available (some APIs use nonIos actual),available (some APIs use nonIos actual),False,block: () -> Color,,block: () -> Color,,block: () -> Color
cupertino-adaptive,commonMain,AdaptiveIcons.vector,cupertino-adaptive/src/commonMain/kotlin/io/github/alexzhirkevich/cupertino/adaptive/icons/AdaptiveIcons.kt,88,available (some APIs use nonIos actual),available (some APIs use nonIos actual),True,material: () -> ImageVector; cupertino: () -> ImageVector,,material: () -> ImageVector; cupertino: () -> ImageVector,,material: () -> ImageVector; cupertino: () -> ImageVector
cupertino-adaptive,commonMain,AdaptiveIcons.painter,cupertino-adaptive/src/commonMain/kotlin/io/github/alexzhirkevich/cupertino/adaptive/icons/AdaptiveIcons.kt,105,available (some APIs use nonIos actual),available (some APIs use nonIos actual),True,material: () -> ImageVector; cupertino: () -> String,,material: () -> ImageVector; cupertino: () -> String,,material: () -> ImageVector; cupertino: () -> String
cupertino-core,commonMain,Color.accessible,cupertino-core/src/commonMain/kotlin/io/github/alexzhirkevich/cupertino/Accessibility.kt,46,available (some APIs use nonIos actual),available (some APIs use nonIos actual),False,isDark : Boolean,,,,isDark : Boolean
cupertino-core,commonMain,rememberCupertinoHapticFeedback,cupertino-core/src/commonMain/kotlin/io/github/alexzhirkevich/cupertino/CupertinoHapticFeedback.kt,25,available (some APIs use nonIos actual),available (some APIs use nonIos actual),True,,,,,
cupertino-core,commonMain,<T> cupertinoTween,cupertino-core/src/commonMain/kotlin/io/github/alexzhirkevich/cupertino/CupertinoTween.kt,31,available (some APIs use nonIos actual),available (some APIs use nonIos actual),False,,,,,durationMillis: Int = CupertinoTransitionDuration; delayMillis: Int = 0; easing: Easing = CupertinoEasing
cupertino-core,commonMain,SystemBarAppearance,cupertino-core/src/commonMain/kotlin/io/github/alexzhirkevich/cupertino/SystemBarAppearance.kt,24,available (some APIs use nonIos actual),available (some APIs use nonIos actual),True,dark: Boolean,,,,dark: Boolean
cupertino-core,commonMain,ColorScheme.copy,cupertino-core/src/commonMain/kotlin/io/github/alexzhirkevich/cupertino/theme/ColorScheme.kt,52,available (some APIs use nonIos actual),available (some APIs use nonIos actual),False,,,,,accent : Color = this.accent; label : Color = this.label; secondaryLabel : Color = this.secondaryLabel; tertiaryLabel : Color = this.tertiaryLabel; quaternaryLabel : Color = this.quaternaryLabel; systemFill : Color = this.systemFill; secondarySystemFill : Color = this.secondarySystemFill; tertiarySystemFill : Color = this.tertiarySystemFill; quaternarySystemFill : Color = this.quaternarySystemFill; placeholderText : Color = this.placeholderText; separator : Color = this.separator; opaqueSeparator : Color = this.opaqueSeparator; link : Color = this.link; systemGroupedBackground : Color = this.systemGroupedBackground; secondarySystemGroupedBackground : Color = this.secondarySystemGroupedBackground; tertiarySystemGroupedBackground : Color = this.tertiarySystemGroupedBackground; systemBackground : Color = this.systemBackground; secondarySystemBackground : Color = this.secondarySystemBackground; tertiarySystemBackground : Color = this.tertiarySystemBackground
cupertino-core,commonMain,lightColorScheme,cupertino-core/src/commonMain/kotlin/io/github/alexzhirkevich/cupertino/theme/ColorScheme.kt,96,available (some APIs use nonIos actual),available (some APIs use nonIos actual),False,,,,,accent : Color = ColorSchemeTokens.lightAccent; label : Color = ColorSchemeTokens.lightLabel; secondaryLabel : Color = ColorSchemeTokens.lightSecondaryLabel; tertiaryLabel : Color = ColorSchemeTokens.lightTertiaryLabel; quaternaryLabel : Color = ColorSchemeTokens.lightQuaternaryLabel; systemFill : Color = ColorSchemeTokens.lightSystemFill; secondarySystemFill : Color = ColorSchemeTokens.lightSecondarySystemFill; tertiarySystemFill : Color = ColorSchemeTokens.lightTertiarySystemFill; quaternarySystemFill : Color = ColorSchemeTokens.lightQuaternarySystemFill; placeholderText : Color = ColorSchemeTokens.lightPlaceholderText; separator : Color = ColorSchemeTokens.lightSeparator; opaqueSeparator : Color =  ColorSchemeTokens.lightOpaqueSeparator; link : Color = ColorSchemeTokens.lightLink; systemGroupedBackground : Color = ColorSchemeTokens.lightSystemGroupedBackground; secondarySystemGroupedBackground : Color = ColorSchemeTokens.lightSecondarySystemGroupedBackground; tertiarySystemGroupedBackground : Color = ColorSchemeTokens.lightTertiarySystemGroupedBackground; systemBackground : Color = ColorSchemeTokens.lightSystemBackground; secondarySystemBackground : Color = ColorSchemeTokens.lightSecondarySystemBackground; tertiarySystemBackground : Color = ColorSchemeTokens.lightTertiarySystemBackground
cupertino-core,commonMain,darkColorScheme,cupertino-core/src/commonMain/kotlin/io/github/alexzhirkevich/cupertino/theme/ColorScheme.kt,139,available (some APIs use nonIos actual),available (some APIs use nonIos actual),False,,,,,accent : Color = ColorSchemeTokens.darkAccent; label : Color = ColorSchemeTokens.darkLabel; secondaryLabel : Color = ColorSchemeTokens.darkSecondaryLabel; tertiaryLabel : Color = ColorSchemeTokens.darkTertiaryLabel; quaternaryLabel : Color = ColorSchemeTokens.darkQuaternaryLabel; systemFill : Color = ColorSchemeTokens.darkSystemFill; secondarySystemFill : Color = ColorSchemeTokens.darkSecondarySystemFill; tertiarySystemFill : Color = ColorSchemeTokens.darkTertiarySystemFill; quaternarySystemFill : Color = ColorSchemeTokens.darkQuaternarySystemFill; placeholderText : Color = ColorSchemeTokens.darkPlaceholderText; separator : Color = ColorSchemeTokens.darkSeparator; opaqueSeparator : Color =  ColorSchemeTokens.darkOpaqueSeparator; link : Color = ColorSchemeTokens.darkLink; systemGroupedBackground : Color = ColorSchemeTokens.darkSystemGroupedBackground; secondarySystemGroupedBackground : Color = ColorSchemeTokens.darkSecondarySystemGroupedBackground; tertiarySystemGroupedBackground : Color = ColorSchemeTokens.darkTertiarySystemGroupedBackground; systemBackground : Color = ColorSchemeTokens.darkSystemBackground; secondarySystemBackground : Color = ColorSchemeTokens.darkSecondarySystemBackground; tertiarySystemBackground : Color = ColorSchemeTokens.darkTertiarySystemBackground
cupertino-core,commonMain,isInitializedCupertinoTheme,cupertino-core/src/commonMain/kotlin/io/github/alexzhirkevich/cupertino/theme/ColorScheme.kt,191,available (some APIs use nonIos actual),available (some APIs use nonIos actual),True,,,,,
cupertino-core,commonMain,CupertinoColors.systemRed,cupertino-core/src/commonMain/kotlin/io/github/alexzhirkevich/cupertino/theme/CupertinoColors.kt,187,available (some APIs use nonIos actual),available (some APIs use nonIos actual),False,dark: Boolean,,,,dark: Boolean; highContrast : Boolean = Accessibility.isHighContrastEnabled
cupertino-core,commonMain,CupertinoColors.systemOrange,cupertino-core/src/commonMain/kotlin/io/github/alexzhirkevich/cupertino/theme/CupertinoColors.kt,195,available (some APIs use nonIos actual),available (some APIs use nonIos actual),False,dark: Boolean,,,,dark: Boolean; highContrast : Boolean = Accessibility.isHighContrastEnabled
cupertino-core,commonMain,CupertinoColors.systemYellow,cupertino-core/src/commonMain/kotlin/io/github/alexzhirkevich/cupertino/theme/CupertinoColors.kt,204,available (some APIs use nonIos actual),available (some APIs use nonIos actual),False,dark: Boolean,,,,dark: Boolean; highContrast : Boolean = Accessibility.isHighContrastEnabled
cupertino-core,commonMain,CupertinoColors.systemGreen,cupertino-core/src/commonMain/kotlin/io/github/alexzhirkevich/cupertino/theme/CupertinoColors.kt,214,available (some APIs use nonIos actual),available (some APIs use nonIos actual),False,dark: Boolean,,,,dark: Boolean; highContrast : Boolean = Accessibility.isHighContrastEnabled
cupertino-core,commonMain,CupertinoColors.systemMint,cupertino-core/src/commonMain/kotlin/io/github/alexzhirkevich/cupertino/theme/CupertinoColors.kt,227,available (some APIs use nonIos actual),available (some APIs use nonIos actual),False,dark: Boolean,,,,dark: Boolean; highContrast : Boolean = Accessibility.isHighContrastEnabled
cupertino-core,commonMain,CupertinoColors.systemTeal,cupertino-core/src/commonMain/kotlin/io/github/alexzhirkevich/cupertino/theme/CupertinoColors.kt,241,available (some APIs use nonIos actual),available (some APIs use nonIos actual),False,dark: Boolean,,,,dark: Boolean; highContrast : Boolean = Accessibility.isHighContrastEnabled
cupertino-core,commonMain,CupertinoColors.systemCyan,cupertino-core/src/commonMain/kotlin/io/github/alexzhirkevich/cupertino/theme/CupertinoColors.kt,254,available (some APIs use nonIos actual),available (some APIs use nonIos actual),False,dark: Boolean,,,,dark: Boolean; highContrast : Boolean = Accessibility.isHighContrastEnabled
cupertino-core,commonMain,CupertinoColors.systemBlue,cupertino-core/src/commonMain/kotlin/io/github/alexzhirkevich/cupertino/theme/CupertinoColors.kt,267,available (some APIs use nonIos actual),available (some APIs use nonIos actual),False,dark: Boolean,,,,dark: Boolean; highContrast : Boolean = Accessibility.isHighContrastEnabled
cupertino-core,commonMain,CupertinoColors.systemIndigo,cupertino-core/src/commonMain/kotlin/io/github/alexzhirkevich/cupertino/theme/CupertinoColors.kt,280,available (some APIs use nonIos actual),available (some APIs use nonIos actual),False,dark: Boolean,,,,dark: Boolean; highContrast : Boolean = Accessibility.isHighContrastEnabled
cupertino-core,commonMain,CupertinoColors.systemPurple,cupertino-core/src/commonMain/kotlin/io/github/alexzhirkevich/cupertino/theme/CupertinoColors.kt,293,available (some APIs use nonIos actual),available (some APIs use nonIos actual),False,dark: Boolean,,,,dark: Boolean; highContrast : Boolean = Accessibility.isHighContrastEnabled
cupertino-core,commonMain,CupertinoColors.systemPink,cupertino-core/src/commonMain/kotlin/io/github/alexzhirkevich/cupertino/theme/CupertinoColors.kt,307,available (some APIs use nonIos actual),available (some APIs use nonIos actual),False,dark: Boolean,,,,dark: Boolean; highContrast : Boolean = Accessibility.isHighContrastEnabled
cupertino-core,commonMain,CupertinoColors.systemBrown,cupertino-core/src/commonMain/kotlin/io/github/alexzhirkevich/cupertino/theme/CupertinoColors.kt,318,available (some APIs use nonIos actual),available (some APIs use nonIos actual),False,dark: Boolean,,,,dark: Boolean; highContrast : Boolean = Accessibility.isHighContrastEnabled
cupertino-core,commonMain,CupertinoColors.systemGray,cupertino-core/src/commonMain/kotlin/io/github/alexzhirkevich/cupertino/theme/CupertinoColors.kt,331,available (some APIs use nonIos actual),available (some APIs use nonIos actual),False,dark: Boolean,,,,dark: Boolean; highContrast : Boolean = Accessibility.isHighContrastEnabled
cupertino-core,commonMain,CupertinoColors.systemGray2,cupertino-core/src/commonMain/kotlin/io/github/alexzhirkevich/cupertino/theme/CupertinoColors.kt,342,available (some APIs use nonIos actual),available (some APIs use nonIos actual),False,dark: Boolean,,,,dark: Boolean; highContrast : Boolean = Accessibility.isHighContrastEnabled
cupertino-core,commonMain,CupertinoColors.systemGray3,cupertino-core/src/commonMain/kotlin/io/github/alexzhirkevich/cupertino/theme/CupertinoColors.kt,355,available (some APIs use nonIos actual),available (some APIs use nonIos actual),False,dark: Boolean,,,,dark: Boolean; highContrast : Boolean = Accessibility.isHighContrastEnabled
cupertino-core,commonMain,CupertinoColors.systemGray4,cupertino-core/src/commonMain/kotlin/io/github/alexzhirkevich/cupertino/theme/CupertinoColors.kt,368,available (some APIs use nonIos actual),available (some APIs use nonIos actual),False,dark: Boolean,,,,dark: Boolean; highContrast : Boolean = Accessibility.isHighContrastEnabled
cupertino-core,commonMain,CupertinoColors.systemGray5,cupertino-core/src/commonMain/kotlin/io/github/alexzhirkevich/cupertino/theme/CupertinoColors.kt,381,available (some APIs use nonIos actual),available (some APIs use nonIos actual),False,dark: Boolean,,,,dark: Boolean; highContrast : Boolean = Accessibility.isHighContrastEnabled
cupertino-core,commonMain,CupertinoColors.systemGray6,cupertino-core/src/commonMain/kotlin/io/github/alexzhirkevich/cupertino/theme/CupertinoColors.kt,394,available (some APIs use nonIos actual),available (some APIs use nonIos actual),False,dark: Boolean,,,,dark: Boolean; highContrast : Boolean = Accessibility.isHighContrastEnabled
cupertino-core,commonMain,CupertinoColors.systemGray7,cupertino-core/src/commonMain/kotlin/io/github/alexzhirkevich/cupertino/theme/CupertinoColors.kt,407,available (some APIs use nonIos actual),available (some APIs use nonIos actual),False,dark: Boolean,,,,dark: Boolean
cupertino-core,commonMain,CupertinoColors.systemGray8,cupertino-core/src/commonMain/kotlin/io/github/alexzhirkevich/cupertino/theme/CupertinoColors.kt,411,available (some APIs use nonIos actual),available (some APIs use nonIos actual),False,dark: Boolean,,,,dark: Boolean
cupertino-core,commonMain,Shapes.copy,cupertino-core/src/commonMain/kotlin/io/github/alexzhirkevich/cupertino/theme/Shapes.kt,37,available (some APIs use nonIos actual),available (some APIs use nonIos actual),False,,,,,extraSmall: CornerBasedShape = this.extraSmall; small: CornerBasedShape = this.small; medium: CornerBasedShape = this.medium; large: CornerBasedShape = this.large; extraLarge: CornerBasedShape = this.extraLarge
cupertino-core,commonMain,Typography.copy,cupertino-core/src/commonMain/kotlin/io/github/alexzhirkevich/cupertino/theme/Typography.kt,76,available (some APIs use nonIos actual),available (some APIs use nonIos actual),False,,,,,largeTitle : TextStyle = this.largeTitle; title1 : TextStyle = this.title1; title2 : TextStyle = this.title2; title3 : TextStyle = this.title3; headline : TextStyle = this.headline; body : TextStyle = this.body; callout : TextStyle = this.callout; subhead : TextStyle = this.subhead; footnote : TextStyle = this.footnote; caption1 : TextStyle = this.caption1; caption2 : TextStyle = this.caption2
cupertino-decompose,commonMain,"<C : Any,T : Any> cupertinoPredictiveBackAnimation",cupertino-decompose/src/commonMain/kotlin/io/github/alexzhirkevich/cupertino/decompose/CupertinoPredictiveBack.kt,47,available (some APIs use nonIos actual),available (some APIs use nonIos actual),True,backHandler: BackHandler; onBack : () -> Unit,,onBack : () -> Unit,,"backHandler: BackHandler; onBack : () -> Unit; fallbackAnimation: StackAnimation<C, T>? = stackAnimation(         animator = cupertinoStackAnimator(),         disableInputDuringAnimation = true     )"
cupertino-decompose,commonMain,cupertinoPredictiveBackAnimatable,cupertino-decompose/src/commonMain/kotlin/io/github/alexzhirkevich/cupertino/decompose/CupertinoPredictiveBack.kt,67,available (some APIs use nonIos actual),available (some APIs use nonIos actual),False,initialBackEvent: BackEvent,,,,initialBackEvent: BackEvent
cupertino-decompose,commonMain,cupertinoStackAnimator,cupertino-decompose/src/commonMain/kotlin/io/github/alexzhirkevich/cupertino/decompose/CupertinoPredictiveBack.kt,102,available (some APIs use nonIos actual),available (some APIs use nonIos actual),False,,,,,animationSpec: FiniteAnimationSpec<Float> = cupertinoTween(         durationMillis = 500     )
cupertino-decompose,commonMain,Modifier.cupertinoPredictiveEnter,cupertino-decompose/src/commonMain/kotlin/io/github/alexzhirkevich/cupertino/decompose/CupertinoPredictiveBack.kt,129,available (some APIs use nonIos actual),available (some APIs use nonIos actual),False,progress: () -> Float,,progress: () -> Float,,progress: () -> Float
cupertino-decompose,commonMain,Modifier.cupertinoPredictiveExit,cupertino-decompose/src/commonMain/kotlin/io/github/alexzhirkevich/cupertino/decompose/CupertinoPredictiveBack.kt,145,available (some APIs use nonIos actual),available (some APIs use nonIos actual),False,progress: () -> Float,,progress: () -> Float,,progress: () -> Float
cupertino-decompose,commonMain,"<C : Any, T : Any> NativeChildren",cupertino-decompose/src/commonMain/kotlin/io/github/alexzhirkevich/cupertino/decompose/NativeChildren.kt,40,available (some APIs use nonIos actual),available (some APIs use nonIos actual),True,"stack: Value<ChildStack<C, T>>; onBack: () -> Unit; content: @Composable (child: Child.Created<C, T>) -> Unit",,onBack: () -> Unit,"content: @Composable (child: Child.Created<C, T>) -> Unit","stack: Value<ChildStack<C, T>>; onBack: () -> Unit; modifier: Modifier = Modifier; animation: StackAnimation<C, T>? = null; content: @Composable (child: Child.Created<C, T>) -> Unit"
cupertino-native,commonMain,CupertinoDatePickerNative,cupertino-native/src/commonMain/kotlin/io/github/alexzhirkevich/cupertino/CupertinoDatePickerNative.kt,28,available (some APIs use nonIos actual),available (some APIs use nonIos actual),True,state: CupertinoDatePickerState,state: CupertinoDatePickerState,,,state: CupertinoDatePickerState; modifier: Modifier = Modifier; style: DatePickerStyle = DatePickerStyle.Wheel(); containerColor : Color = LocalContainerColor.current.takeOrElse {         CupertinoTheme.colorScheme.secondarySystemGroupedBackground     }
cupertino-native,commonMain,CupertinoDateTimePickerNative,cupertino-native/src/commonMain/kotlin/io/github/alexzhirkevich/cupertino/CupertinoDateTimePickerNative.kt,28,available (some APIs use nonIos actual),available (some APIs use nonIos actual),True,state: CupertinoDateTimePickerState,state: CupertinoDateTimePickerState,,,state: CupertinoDateTimePickerState; modifier: Modifier = Modifier; style: DatePickerStyle = DatePickerStyle.Wheel(); containerColor : Color = LocalContainerColor.current.takeOrElse {         CupertinoTheme.colorScheme.secondarySystemGroupedBackground     }
cupertino-native,commonMain,CupertinoAlertDialogNative,cupertino-native/src/commonMain/kotlin/io/github/alexzhirkevich/cupertino/CupertinoDialogsNative.kt,44,available (some APIs use nonIos actual),available (some APIs use nonIos actual),True,onDismissRequest : () -> Unit; title: String?; buttons : NativeAlertDialogActionsScope.() -> Unit,,onDismissRequest : () -> Unit; buttons : NativeAlertDialogActionsScope.() -> Unit,,onDismissRequest : () -> Unit; title: String?; message: String? = null; containerColor : Color = CupertinoColors.systemGray7; shape: Shape = CupertinoDialogsDefaults.Shape; properties: DialogProperties = DialogProperties(); buttonsOrientation: Orientation = Orientation.Horizontal; buttons : NativeAlertDialogActionsScope.() -> Unit
cupertino-native,commonMain,CupertinoActionSheetNative,cupertino-native/src/commonMain/kotlin/io/github/alexzhirkevich/cupertino/CupertinoDialogsNative.kt,69,available (some APIs use nonIos actual),available (some APIs use nonIos actual),True,visible : Boolean; onDismissRequest : () -> Unit; buttons : NativeAlertDialogActionsScope.() -> Unit,,onDismissRequest : () -> Unit; buttons : NativeAlertDialogActionsScope.() -> Unit,,visible : Boolean; onDismissRequest : () -> Unit; title : String? = null; message : String? = null; containerColor : Color = CupertinoColors.systemGray7; secondaryContainerColor : Color = CupertinoTheme.colorScheme.tertiarySystemBackground; properties: DialogProperties = DialogProperties(); buttons : NativeAlertDialogActionsScope.() -> Unit
cupertino-native,commonMain,NativeAlertDialogActionsScope.action,cupertino-native/src/commonMain/kotlin/io/github/alexzhirkevich/cupertino/CupertinoDialogsNative.kt,86,available (some APIs use nonIos actual),available (some APIs use nonIos actual),False,onClick : () -> Unit; title : String,,onClick : () -> Unit,,onClick : () -> Unit; style : AlertActionStyle = AlertActionStyle.Default; enabled : Boolean = true; title : String
cupertino-native,commonMain,NativeAlertDialogActionsScope.default,cupertino-native/src/commonMain/kotlin/io/github/alexzhirkevich/cupertino/CupertinoDialogsNative.kt,97,available (some APIs use nonIos actual),available (some APIs use nonIos actual),False,onClick : () -> Unit; title : String,,onClick : () -> Unit,,onClick : () -> Unit; enabled : Boolean = true; title : String
cupertino-native,commonMain,NativeAlertDialogActionsScope.destructive,cupertino-native/src/commonMain/kotlin/io/github/alexzhirkevich/cupertino/CupertinoDialogsNative.kt,111,available (some APIs use nonIos actual),available (some APIs use nonIos actual),False,onClick : () -> Unit; title : String,,onClick : () -> Unit,,onClick : () -> Unit; enabled : Boolean = true; title : String
cupertino-native,commonMain,NativeAlertDialogActionsScope.cancel,cupertino-native/src/commonMain/kotlin/io/github/alexzhirkevich/cupertino/CupertinoDialogsNative.kt,125,available (some APIs use nonIos actual),available (some APIs use nonIos actual),False,onClick : () -> Unit; title : String,,onClick : () -> Unit,,onClick : () -> Unit; enabled : Boolean = true; title : String
cupertino-native,commonMain,CupertinoTimePickerNative,cupertino-native/src/commonMain/kotlin/io/github/alexzhirkevich/cupertino/CupertinoTimePickerNative.kt,29,available (some APIs use nonIos actual),available (some APIs use nonIos actual),True,state: CupertinoTimePickerState,state: CupertinoTimePickerState,,,state: CupertinoTimePickerState; modifier: Modifier = Modifier; height : Dp = CupertinoPickerDefaults.Height; containerColor : Color = LocalContainerColor.current.takeOrElse {         CupertinoTheme.colorScheme.secondarySystemGroupedBackground     }
cupertino-core,iosMain,UIColor.toComposeColor,cupertino-core/src/iosMain/kotlin/io/github/alexzhirkevich/cupertino/CupertinoCoreUtil.kt,30,NOT provided by upstream,NOT provided by upstream,False,,,,,
cupertino-core,iosMain,Color.toUIColor,cupertino-core/src/iosMain/kotlin/io/github/alexzhirkevich/cupertino/CupertinoCoreUtil.kt,53,NOT provided by upstream,NOT provided by upstream,False,,,,,
cupertino-core,iosMain,SystemBarAppearance,cupertino-core/src/iosMain/kotlin/io/github/alexzhirkevich/cupertino/SystemBarAppearance.ios.kt,47,NOT provided by upstream,NOT provided by upstream,True,dark: Boolean; viewController: UIViewController,,,,dark: Boolean; viewController: UIViewController
cupertino-decompose,iosMain,"<C : Any, T : Any> UIKitChildren",cupertino-decompose/src/iosMain/kotlin/io/github/alexzhirkevich/cupertino/decompose/UIKitChildren.kt,65,NOT provided by upstream,NOT provided by upstream,True,"stack: Value<ChildStack<C, T>>; onBack: () -> Unit; content: @Composable (child: Child.Created<C, T>) -> Unit",,onBack: () -> Unit; configuration : ComposeUIViewControllerConfiguration.() -> Unit = {         onFocusBehavior = OnFocusBehavior.DoNothing         platformLayers = false     },"content: @Composable (child: Child.Created<C, T>) -> Unit","stack: Value<ChildStack<C, T>>; onBack: () -> Unit; modifier: Modifier = Modifier; configuration : ComposeUIViewControllerConfiguration.() -> Unit = {         onFocusBehavior = OnFocusBehavior.DoNothing         platformLayers = false     }; content: @Composable (child: Child.Created<C, T>) -> Unit"
cupertino-native,iosMain,CupertinoColorPickerNative,cupertino-native/src/iosMain/kotlin/io/github/alexzhirkevich/cupertino/CupertinoColorPickerNative.ios.kt,30,NOT provided by upstream,NOT provided by upstream,True,color : Color; onColorChanged : (Color) -> Unit; onDismissRequest : () -> Unit,,onColorChanged : (Color) -> Unit; onDismissRequest : () -> Unit,,color : Color; onColorChanged : (Color) -> Unit; onDismissRequest : () -> Unit; supportsAlpha : Boolean = true
cupertino-native,iosMain,<T> CupertinoPickerNative,cupertino-native/src/iosMain/kotlin/io/github/alexzhirkevich/cupertino/CupertinoPickerNative.kt,33,NOT provided by upstream,NOT provided by upstream,True,state: CupertinoPickerState; items: List<T>; content: (T) -> String,state: CupertinoPickerState,content: (T) -> String,,state: CupertinoPickerState; items: List<T>; modifier: Modifier = Modifier; height: Dp = CupertinoPickerDefaults.Height; containerColor: Color = LocalContainerColor.current.takeOrElse {         CupertinoTheme.colorScheme.secondarySystemGroupedBackground     }; enabled : Boolean = true; content: (T) -> String
cupertino-native,iosMain,CupertinoIcons.named,cupertino-native/src/iosMain/kotlin/io/github/alexzhirkevich/cupertino/NativeIcons.kt,43,NOT provided by upstream,NOT provided by upstream,True,systemName : String,,,,systemName : String
cupertino-native,iosMain,ImageBitmap.Companion.systemImage,cupertino-native/src/iosMain/kotlin/io/github/alexzhirkevich/cupertino/NativeIcons.kt,56,NOT provided by upstream,NOT provided by upstream,False,systemName: String,,,,systemName: String
cupertino-native,iosMain,UIImage.toComposeImageBitmap,cupertino-native/src/iosMain/kotlin/io/github/alexzhirkevich/cupertino/NativeIcons.kt,64,NOT provided by upstream,NOT provided by upstream,False,,,,,
