module,declaration,path,line,android,desktop
cupertino,public val CupertinoIcons.Filled.Bell: ImageVector,cupertino/src/commonMain/kotlin/io/github/alexzhirkevich/cupertino/icons/filled/Bell.kt,31,common source,common source
cupertino,public val CupertinoIcons.Filled.Cart: ImageVector,cupertino/src/commonMain/kotlin/io/github/alexzhirkevich/cupertino/icons/filled/Cart.kt,31,common source,common source
cupertino,public val CupertinoIcons.Filled.CheckmarkCircle: ImageVector,cupertino/src/commonMain/kotlin/io/github/alexzhirkevich/cupertino/icons/filled/CheckmarkCircle.kt,31,common source,common source
cupertino,public val CupertinoIcons.Filled.Envelope: ImageVector,cupertino/src/commonMain/kotlin/io/github/alexzhirkevich/cupertino/icons/filled/Envelope.kt,31,common source,common source
cupertino,public val CupertinoIcons.Filled.ExclamationmarkTriangle: ImageVector,cupertino/src/commonMain/kotlin/io/github/alexzhirkevich/cupertino/icons/filled/ExclamationmarkTriangle.kt,31,common source,common source
cupertino,public val CupertinoIcons.Filled.Gearshape: ImageVector,cupertino/src/commonMain/kotlin/io/github/alexzhirkevich/cupertino/icons/filled/Gearshape.kt,31,common source,common source
cupertino,public val CupertinoIcons.Filled.HandThumbsup: ImageVector,cupertino/src/commonMain/kotlin/io/github/alexzhirkevich/cupertino/icons/filled/HandThumbsup.kt,31,common source,common source
cupertino,public val CupertinoIcons.Filled.Heart: ImageVector,cupertino/src/commonMain/kotlin/io/github/alexzhirkevich/cupertino/icons/filled/Heart.kt,31,common source,common source
cupertino,public val CupertinoIcons.Filled.House: ImageVector,cupertino/src/commonMain/kotlin/io/github/alexzhirkevich/cupertino/icons/filled/House.kt,31,common source,common source
cupertino,public val CupertinoIcons.Filled.InfoCircle: ImageVector,cupertino/src/commonMain/kotlin/io/github/alexzhirkevich/cupertino/icons/filled/InfoCircle.kt,31,common source,common source
cupertino,public val CupertinoIcons.Filled.Location: ImageVector,cupertino/src/commonMain/kotlin/io/github/alexzhirkevich/cupertino/icons/filled/Location.kt,31,common source,common source
cupertino,public val CupertinoIcons.Filled.Lock: ImageVector,cupertino/src/commonMain/kotlin/io/github/alexzhirkevich/cupertino/icons/filled/Lock.kt,31,common source,common source
cupertino,public val CupertinoIcons.Filled.Paperplane: ImageVector,cupertino/src/commonMain/kotlin/io/github/alexzhirkevich/cupertino/icons/filled/Paperplane.kt,31,common source,common source
cupertino,public val CupertinoIcons.Filled.Person: ImageVector,cupertino/src/commonMain/kotlin/io/github/alexzhirkevich/cupertino/icons/filled/Person.kt,31,common source,common source
cupertino,public val CupertinoIcons.Filled.PersonCropCircle: ImageVector,cupertino/src/commonMain/kotlin/io/github/alexzhirkevich/cupertino/icons/filled/PersonCropCircle.kt,31,common source,common source
cupertino,public val CupertinoIcons.Filled.PersonCropSquare: ImageVector,cupertino/src/commonMain/kotlin/io/github/alexzhirkevich/cupertino/icons/filled/PersonCropSquare.kt,31,common source,common source
cupertino,public val CupertinoIcons.Filled.Phone: ImageVector,cupertino/src/commonMain/kotlin/io/github/alexzhirkevich/cupertino/icons/filled/Phone.kt,31,common source,common source
cupertino,public val CupertinoIcons.Filled.Play: ImageVector,cupertino/src/commonMain/kotlin/io/github/alexzhirkevich/cupertino/icons/filled/Play.kt,31,common source,common source
cupertino,public val CupertinoIcons.Filled.PlusCircle: ImageVector,cupertino/src/commonMain/kotlin/io/github/alexzhirkevich/cupertino/icons/filled/PlusCircle.kt,31,common source,common source
cupertino,public val CupertinoIcons.Filled.RectanglePortraitAndArrowForward: ImageVector,cupertino/src/commonMain/kotlin/io/github/alexzhirkevich/cupertino/icons/filled/RectanglePortraitAndArrowForward.kt,31,common source,common source
cupertino,public val CupertinoIcons.Filled.SquareAndArrowUp: ImageVector,cupertino/src/commonMain/kotlin/io/github/alexzhirkevich/cupertino/icons/filled/SquareAndArrowUp.kt,31,common source,common source
cupertino,public val CupertinoIcons.Filled.Star: ImageVector,cupertino/src/commonMain/kotlin/io/github/alexzhirkevich/cupertino/icons/filled/Star.kt,31,common source,common source
cupertino,public val CupertinoIcons.Filled.Trash: ImageVector,cupertino/src/commonMain/kotlin/io/github/alexzhirkevich/cupertino/icons/filled/Trash.kt,31,common source,common source
cupertino,public val CupertinoIcons.Filled.XmarkCircle: ImageVector,cupertino/src/commonMain/kotlin/io/github/alexzhirkevich/cupertino/icons/filled/XmarkCircle.kt,31,common source,common source
cupertino,public val CupertinoIcons.Outlined.ArrowClockwise: ImageVector,cupertino/src/commonMain/kotlin/io/github/alexzhirkevich/cupertino/icons/outlined/ArrowClockwise.kt,31,common source,common source
cupertino,public val CupertinoIcons.Outlined.ArrowUturnLeft: ImageVector,cupertino/src/commonMain/kotlin/io/github/alexzhirkevich/cupertino/icons/outlined/ArrowUturnLeft.kt,31,common source,common source
cupertino,public val CupertinoIcons.Outlined.ArrowUturnRight: ImageVector,cupertino/src/commonMain/kotlin/io/github/alexzhirkevich/cupertino/icons/outlined/ArrowUturnRight.kt,31,common source,common source
cupertino,public val CupertinoIcons.Outlined.Bell: ImageVector,cupertino/src/commonMain/kotlin/io/github/alexzhirkevich/cupertino/icons/outlined/Bell.kt,31,common source,common source
cupertino,public val CupertinoIcons.Outlined.Calendar: ImageVector,cupertino/src/commonMain/kotlin/io/github/alexzhirkevich/cupertino/icons/outlined/Calendar.kt,31,common source,common source
cupertino,public val CupertinoIcons.Outlined.Cart: ImageVector,cupertino/src/commonMain/kotlin/io/github/alexzhirkevich/cupertino/icons/outlined/Cart.kt,31,common source,common source
cupertino,public val CupertinoIcons.Outlined.Checkmark: ImageVector,cupertino/src/commonMain/kotlin/io/github/alexzhirkevich/cupertino/icons/outlined/Checkmark.kt,31,common source,common source
cupertino,public val CupertinoIcons.Outlined.CheckmarkCircle: ImageVector,cupertino/src/commonMain/kotlin/io/github/alexzhirkevich/cupertino/icons/outlined/CheckmarkCircle.kt,34,common source,common source
cupertino,public val CupertinoIcons.Outlined.ChevronBackward: ImageVector,cupertino/src/commonMain/kotlin/io/github/alexzhirkevich/cupertino/icons/outlined/ChevronBackward.kt,31,common source,common source
cupertino,public val CupertinoIcons.Outlined.ChevronDown: ImageVector,cupertino/src/commonMain/kotlin/io/github/alexzhirkevich/cupertino/icons/outlined/ChevronDown.kt,31,common source,common source
cupertino,public val CupertinoIcons.Outlined.ChevronForward: ImageVector,cupertino/src/commonMain/kotlin/io/github/alexzhirkevich/cupertino/icons/outlined/ChevronForward.kt,31,common source,common source
cupertino,public val CupertinoIcons.Outlined.ChevronUp: ImageVector,cupertino/src/commonMain/kotlin/io/github/alexzhirkevich/cupertino/icons/outlined/ChevronUp.kt,31,common source,common source
cupertino,public val CupertinoIcons.Outlined.Ellipsis: ImageVector,cupertino/src/commonMain/kotlin/io/github/alexzhirkevich/cupertino/icons/outlined/Ellipsis.kt,34,common source,common source
cupertino,public val CupertinoIcons.Outlined.Envelope: ImageVector,cupertino/src/commonMain/kotlin/io/github/alexzhirkevich/cupertino/icons/outlined/Envelope.kt,31,common source,common source
cupertino,public val CupertinoIcons.Outlined.ExclamationmarkTriangle: ImageVector,cupertino/src/commonMain/kotlin/io/github/alexzhirkevich/cupertino/icons/outlined/ExclamationmarkTriangle.kt,34,common source,common source
cupertino,public val CupertinoIcons.Outlined.FaceSmiling: ImageVector,cupertino/src/commonMain/kotlin/io/github/alexzhirkevich/cupertino/icons/outlined/FaceSmiling.kt,34,common source,common source
cupertino,public val CupertinoIcons.Outlined.Gearshape: ImageVector,cupertino/src/commonMain/kotlin/io/github/alexzhirkevich/cupertino/icons/outlined/Gearshape.kt,31,common source,common source
cupertino,public val CupertinoIcons.Outlined.HandThumbsup: ImageVector,cupertino/src/commonMain/kotlin/io/github/alexzhirkevich/cupertino/icons/outlined/HandThumbsup.kt,31,common source,common source
cupertino,public val CupertinoIcons.Outlined.Heart: ImageVector,cupertino/src/commonMain/kotlin/io/github/alexzhirkevich/cupertino/icons/outlined/Heart.kt,31,common source,common source
cupertino,public val CupertinoIcons.Outlined.House: ImageVector,cupertino/src/commonMain/kotlin/io/github/alexzhirkevich/cupertino/icons/outlined/House.kt,31,common source,common source
cupertino,public val CupertinoIcons.Outlined.InfoCircle: ImageVector,cupertino/src/commonMain/kotlin/io/github/alexzhirkevich/cupertino/icons/outlined/InfoCircle.kt,34,common source,common source
cupertino,public val CupertinoIcons.Outlined.ListBullet: ImageVector,cupertino/src/commonMain/kotlin/io/github/alexzhirkevich/cupertino/icons/outlined/ListBullet.kt,34,common source,common source
cupertino,public val CupertinoIcons.Outlined.Location: ImageVector,cupertino/src/commonMain/kotlin/io/github/alexzhirkevich/cupertino/icons/outlined/Location.kt,31,common source,common source
cupertino,public val CupertinoIcons.Outlined.Lock: ImageVector,cupertino/src/commonMain/kotlin/io/github/alexzhirkevich/cupertino/icons/outlined/Lock.kt,31,common source,common source
cupertino,val CupertinoIcons.Outlined.MagnifyingGlass: ImageVector,cupertino/src/commonMain/kotlin/io/github/alexzhirkevich/cupertino/icons/outlined/MagnifyingGlass.kt,33,common source,common source
cupertino,public val CupertinoIcons.Outlined.Mappin: ImageVector,cupertino/src/commonMain/kotlin/io/github/alexzhirkevich/cupertino/icons/outlined/Mappin.kt,31,common source,common source
cupertino,public val CupertinoIcons.Outlined.Paperplane: ImageVector,cupertino/src/commonMain/kotlin/io/github/alexzhirkevich/cupertino/icons/outlined/Paperplane.kt,31,common source,common source
cupertino,public val CupertinoIcons.Outlined.Pencil: ImageVector,cupertino/src/commonMain/kotlin/io/github/alexzhirkevich/cupertino/icons/outlined/Pencil.kt,31,common source,common source
cupertino,public val CupertinoIcons.Outlined.Person: ImageVector,cupertino/src/commonMain/kotlin/io/github/alexzhirkevich/cupertino/icons/outlined/Person.kt,31,common source,common source
cupertino,public val CupertinoIcons.Outlined.PersonCropCircle: ImageVector,cupertino/src/commonMain/kotlin/io/github/alexzhirkevich/cupertino/icons/outlined/PersonCropCircle.kt,34,common source,common source
cupertino,public val CupertinoIcons.Outlined.PersonCropSquare: ImageVector,cupertino/src/commonMain/kotlin/io/github/alexzhirkevich/cupertino/icons/outlined/PersonCropSquare.kt,31,common source,common source
cupertino,public val CupertinoIcons.Outlined.Phone: ImageVector,cupertino/src/commonMain/kotlin/io/github/alexzhirkevich/cupertino/icons/outlined/Phone.kt,31,common source,common source
cupertino,public val CupertinoIcons.Outlined.Play: ImageVector,cupertino/src/commonMain/kotlin/io/github/alexzhirkevich/cupertino/icons/outlined/Play.kt,31,common source,common source
cupertino,public val CupertinoIcons.Outlined.Plus: ImageVector,cupertino/src/commonMain/kotlin/io/github/alexzhirkevich/cupertino/icons/outlined/Plus.kt,31,common source,common source
cupertino,public val CupertinoIcons.Outlined.PlusCircle: ImageVector,cupertino/src/commonMain/kotlin/io/github/alexzhirkevich/cupertino/icons/outlined/PlusCircle.kt,34,common source,common source
cupertino,public val CupertinoIcons.Outlined.RectanglePortraitAndArrowForward: ImageVector,cupertino/src/commonMain/kotlin/io/github/alexzhirkevich/cupertino/icons/outlined/RectanglePortraitAndArrowForward.kt,34,common source,common source
cupertino,public val CupertinoIcons.Outlined.SquareAndArrowUp: ImageVector,cupertino/src/commonMain/kotlin/io/github/alexzhirkevich/cupertino/icons/outlined/SquareAndArrowUp.kt,34,common source,common source
cupertino,public val CupertinoIcons.Outlined.SquareAndPencil: ImageVector,cupertino/src/commonMain/kotlin/io/github/alexzhirkevich/cupertino/icons/outlined/SquareAndPencil.kt,34,common source,common source
cupertino,public val CupertinoIcons.Outlined.Star: ImageVector,cupertino/src/commonMain/kotlin/io/github/alexzhirkevich/cupertino/icons/outlined/Star.kt,31,common source,common source
cupertino,public val CupertinoIcons.Outlined.Trash: ImageVector,cupertino/src/commonMain/kotlin/io/github/alexzhirkevich/cupertino/icons/outlined/Trash.kt,31,common source,common source
cupertino,public val CupertinoIcons.Outlined.WrenchAndScrewdriver: ImageVector,cupertino/src/commonMain/kotlin/io/github/alexzhirkevich/cupertino/icons/outlined/WrenchAndScrewdriver.kt,34,common source,common source
cupertino,public val CupertinoIcons.Outlined.Xmark: ImageVector,cupertino/src/commonMain/kotlin/io/github/alexzhirkevich/cupertino/icons/outlined/Xmark.kt,31,common source,common source
cupertino,public val CupertinoIcons.Outlined.XmarkCircle: ImageVector,cupertino/src/commonMain/kotlin/io/github/alexzhirkevich/cupertino/icons/outlined/XmarkCircle.kt,34,common source,common source
cupertino-adaptive,val AdaptiveIcons.Outlined.AccountBox,cupertino-adaptive/src/commonMain/kotlin/io/github/alexzhirkevich/cupertino/adaptive/icons/AdaptiveIcons.kt,116,common source,common source
cupertino-adaptive,val AdaptiveIcons.Outlined.AccountCircle,cupertino-adaptive/src/commonMain/kotlin/io/github/alexzhirkevich/cupertino/adaptive/icons/AdaptiveIcons.kt,122,common source,common source
cupertino-adaptive,val AdaptiveIcons.Outlined.Add,cupertino-adaptive/src/commonMain/kotlin/io/github/alexzhirkevich/cupertino/adaptive/icons/AdaptiveIcons.kt,128,common source,common source
cupertino-adaptive,val AdaptiveIcons.Outlined.AddCircle,cupertino-adaptive/src/commonMain/kotlin/io/github/alexzhirkevich/cupertino/adaptive/icons/AdaptiveIcons.kt,134,common source,common source
cupertino-adaptive,val AdaptiveIcons.Outlined.Build,cupertino-adaptive/src/commonMain/kotlin/io/github/alexzhirkevich/cupertino/adaptive/icons/AdaptiveIcons.kt,158,common source,common source
cupertino-adaptive,val AdaptiveIcons.Outlined.Call,cupertino-adaptive/src/commonMain/kotlin/io/github/alexzhirkevich/cupertino/adaptive/icons/AdaptiveIcons.kt,164,common source,common source
cupertino-adaptive,val AdaptiveIcons.Outlined.Check,cupertino-adaptive/src/commonMain/kotlin/io/github/alexzhirkevich/cupertino/adaptive/icons/AdaptiveIcons.kt,170,common source,common source
cupertino-adaptive,val AdaptiveIcons.Outlined.CheckCircle,cupertino-adaptive/src/commonMain/kotlin/io/github/alexzhirkevich/cupertino/adaptive/icons/AdaptiveIcons.kt,176,common source,common source
cupertino-adaptive,val AdaptiveIcons.Outlined.Clear,cupertino-adaptive/src/commonMain/kotlin/io/github/alexzhirkevich/cupertino/adaptive/icons/AdaptiveIcons.kt,182,common source,common source
cupertino-adaptive,val AdaptiveIcons.Outlined.Close,cupertino-adaptive/src/commonMain/kotlin/io/github/alexzhirkevich/cupertino/adaptive/icons/AdaptiveIcons.kt,188,common source,common source
cupertino-adaptive,val AdaptiveIcons.Outlined.Create,cupertino-adaptive/src/commonMain/kotlin/io/github/alexzhirkevich/cupertino/adaptive/icons/AdaptiveIcons.kt,194,common source,common source
cupertino-adaptive,val AdaptiveIcons.Outlined.DateRange,cupertino-adaptive/src/commonMain/kotlin/io/github/alexzhirkevich/cupertino/adaptive/icons/AdaptiveIcons.kt,200,common source,common source
cupertino-adaptive,val AdaptiveIcons.Outlined.Delete,cupertino-adaptive/src/commonMain/kotlin/io/github/alexzhirkevich/cupertino/adaptive/icons/AdaptiveIcons.kt,206,common source,common source
cupertino-adaptive,val AdaptiveIcons.Outlined.Done,cupertino-adaptive/src/commonMain/kotlin/io/github/alexzhirkevich/cupertino/adaptive/icons/AdaptiveIcons.kt,212,common source,common source
cupertino-adaptive,val AdaptiveIcons.Outlined.Edit,cupertino-adaptive/src/commonMain/kotlin/io/github/alexzhirkevich/cupertino/adaptive/icons/AdaptiveIcons.kt,218,common source,common source
cupertino-adaptive,val AdaptiveIcons.Outlined.Email,cupertino-adaptive/src/commonMain/kotlin/io/github/alexzhirkevich/cupertino/adaptive/icons/AdaptiveIcons.kt,224,common source,common source
cupertino-adaptive,val AdaptiveIcons.Outlined.ExitToApp,cupertino-adaptive/src/commonMain/kotlin/io/github/alexzhirkevich/cupertino/adaptive/icons/AdaptiveIcons.kt,230,common source,common source
cupertino-adaptive,val AdaptiveIcons.Outlined.Face,cupertino-adaptive/src/commonMain/kotlin/io/github/alexzhirkevich/cupertino/adaptive/icons/AdaptiveIcons.kt,236,common source,common source
cupertino-adaptive,val AdaptiveIcons.Outlined.Favorite,cupertino-adaptive/src/commonMain/kotlin/io/github/alexzhirkevich/cupertino/adaptive/icons/AdaptiveIcons.kt,242,common source,common source
cupertino-adaptive,val AdaptiveIcons.Outlined.FavoriteBorder,cupertino-adaptive/src/commonMain/kotlin/io/github/alexzhirkevich/cupertino/adaptive/icons/AdaptiveIcons.kt,248,common source,common source
cupertino-adaptive,val AdaptiveIcons.Outlined.Home,cupertino-adaptive/src/commonMain/kotlin/io/github/alexzhirkevich/cupertino/adaptive/icons/AdaptiveIcons.kt,254,common source,common source
cupertino-adaptive,val AdaptiveIcons.Outlined.Info,cupertino-adaptive/src/commonMain/kotlin/io/github/alexzhirkevich/cupertino/adaptive/icons/AdaptiveIcons.kt,260,common source,common source
cupertino-adaptive,val AdaptiveIcons.Outlined.KeyboardArrowDown,cupertino-adaptive/src/commonMain/kotlin/io/github/alexzhirkevich/cupertino/adaptive/icons/AdaptiveIcons.kt,266,common source,common source
cupertino-adaptive,val AdaptiveIcons.Outlined.KeyboardArrowLeft,cupertino-adaptive/src/commonMain/kotlin/io/github/alexzhirkevich/cupertino/adaptive/icons/AdaptiveIcons.kt,272,common source,common source
cupertino-adaptive,val AdaptiveIcons.Outlined.KeyboardArrowRight,cupertino-adaptive/src/commonMain/kotlin/io/github/alexzhirkevich/cupertino/adaptive/icons/AdaptiveIcons.kt,278,common source,common source
cupertino-adaptive,val AdaptiveIcons.Outlined.KeyboardArrowUp,cupertino-adaptive/src/commonMain/kotlin/io/github/alexzhirkevich/cupertino/adaptive/icons/AdaptiveIcons.kt,285,common source,common source
cupertino-adaptive,val AdaptiveIcons.Outlined.List,cupertino-adaptive/src/commonMain/kotlin/io/github/alexzhirkevich/cupertino/adaptive/icons/AdaptiveIcons.kt,291,common source,common source
cupertino-adaptive,val AdaptiveIcons.Outlined.LocationOn,cupertino-adaptive/src/commonMain/kotlin/io/github/alexzhirkevich/cupertino/adaptive/icons/AdaptiveIcons.kt,297,common source,common source
cupertino-adaptive,val AdaptiveIcons.Outlined.Lock,cupertino-adaptive/src/commonMain/kotlin/io/github/alexzhirkevich/cupertino/adaptive/icons/AdaptiveIcons.kt,303,common source,common source
cupertino-adaptive,val AdaptiveIcons.Outlined.MailOutline,cupertino-adaptive/src/commonMain/kotlin/io/github/alexzhirkevich/cupertino/adaptive/icons/AdaptiveIcons.kt,309,common source,common source
cupertino-adaptive,val AdaptiveIcons.Outlined.Menu,cupertino-adaptive/src/commonMain/kotlin/io/github/alexzhirkevich/cupertino/adaptive/icons/AdaptiveIcons.kt,315,common source,common source
cupertino-adaptive,val AdaptiveIcons.Outlined.MoreVert,cupertino-adaptive/src/commonMain/kotlin/io/github/alexzhirkevich/cupertino/adaptive/icons/AdaptiveIcons.kt,321,common source,common source
cupertino-adaptive,val AdaptiveIcons.Outlined.Notifications,cupertino-adaptive/src/commonMain/kotlin/io/github/alexzhirkevich/cupertino/adaptive/icons/AdaptiveIcons.kt,327,common source,common source
cupertino-adaptive,val AdaptiveIcons.Outlined.Person,cupertino-adaptive/src/commonMain/kotlin/io/github/alexzhirkevich/cupertino/adaptive/icons/AdaptiveIcons.kt,333,common source,common source
cupertino-adaptive,val AdaptiveIcons.Outlined.Phone,cupertino-adaptive/src/commonMain/kotlin/io/github/alexzhirkevich/cupertino/adaptive/icons/AdaptiveIcons.kt,339,common source,common source
cupertino-adaptive,val AdaptiveIcons.Outlined.Place,cupertino-adaptive/src/commonMain/kotlin/io/github/alexzhirkevich/cupertino/adaptive/icons/AdaptiveIcons.kt,345,common source,common source
cupertino-adaptive,val AdaptiveIcons.Outlined.PlayArrow,cupertino-adaptive/src/commonMain/kotlin/io/github/alexzhirkevich/cupertino/adaptive/icons/AdaptiveIcons.kt,351,common source,common source
cupertino-adaptive,val AdaptiveIcons.Outlined.Refresh,cupertino-adaptive/src/commonMain/kotlin/io/github/alexzhirkevich/cupertino/adaptive/icons/AdaptiveIcons.kt,357,common source,common source
cupertino-adaptive,val AdaptiveIcons.Outlined.Search,cupertino-adaptive/src/commonMain/kotlin/io/github/alexzhirkevich/cupertino/adaptive/icons/AdaptiveIcons.kt,363,common source,common source
cupertino-adaptive,val AdaptiveIcons.Outlined.Send,cupertino-adaptive/src/commonMain/kotlin/io/github/alexzhirkevich/cupertino/adaptive/icons/AdaptiveIcons.kt,369,common source,common source
cupertino-adaptive,val AdaptiveIcons.Outlined.Settings,cupertino-adaptive/src/commonMain/kotlin/io/github/alexzhirkevich/cupertino/adaptive/icons/AdaptiveIcons.kt,375,common source,common source
cupertino-adaptive,val AdaptiveIcons.Outlined.Share,cupertino-adaptive/src/commonMain/kotlin/io/github/alexzhirkevich/cupertino/adaptive/icons/AdaptiveIcons.kt,381,common source,common source
cupertino-adaptive,val AdaptiveIcons.Outlined.ShoppingCart,cupertino-adaptive/src/commonMain/kotlin/io/github/alexzhirkevich/cupertino/adaptive/icons/AdaptiveIcons.kt,387,common source,common source
cupertino-adaptive,val AdaptiveIcons.Outlined.Star,cupertino-adaptive/src/commonMain/kotlin/io/github/alexzhirkevich/cupertino/adaptive/icons/AdaptiveIcons.kt,393,common source,common source
cupertino-adaptive,val AdaptiveIcons.Outlined.ThumbUp,cupertino-adaptive/src/commonMain/kotlin/io/github/alexzhirkevich/cupertino/adaptive/icons/AdaptiveIcons.kt,399,common source,common source
cupertino-adaptive,val AdaptiveIcons.Outlined.Warning,cupertino-adaptive/src/commonMain/kotlin/io/github/alexzhirkevich/cupertino/adaptive/icons/AdaptiveIcons.kt,405,common source,common source
cupertino-icons-extended,public val CupertinoIcons.Filled.Airtag: ImageVector,cupertino-icons-extended/src/commonMain/kotlin/io/github/alexzhirkevich/cupertino/icons/filled/Airtag.kt,31,common source,common source
cupertino-icons-extended,public val CupertinoIcons.Filled.Alarm: ImageVector,cupertino-icons-extended/src/commonMain/kotlin/io/github/alexzhirkevich/cupertino/icons/filled/Alarm.kt,31,common source,common source
cupertino-icons-extended,public val CupertinoIcons.Filled.Appletv: ImageVector,cupertino-icons-extended/src/commonMain/kotlin/io/github/alexzhirkevich/cupertino/icons/filled/Appletv.kt,31,common source,common source
cupertino-icons-extended,public val CupertinoIcons.Filled.Archivebox: ImageVector,cupertino-icons-extended/src/commonMain/kotlin/io/github/alexzhirkevich/cupertino/icons/filled/Archivebox.kt,31,common source,common source
cupertino-icons-extended,public val CupertinoIcons.Filled.ArrowClockwiseCircle: ImageVector,cupertino-icons-extended/src/commonMain/kotlin/io/github/alexzhirkevich/cupertino/icons/filled/ArrowClockwiseCircle.kt,31,common source,common source
cupertino-icons-extended,public val CupertinoIcons.Filled.ArrowCounterclockwiseCircle: ImageVector,cupertino-icons-extended/src/commonMain/kotlin/io/github/alexzhirkevich/cupertino/icons/filled/ArrowCounterclockwiseCircle.kt,31,common source,common source
cupertino-icons-extended,public val CupertinoIcons.Filled.ArrowCounterclockwiseIcloud: ImageVector,cupertino-icons-extended/src/commonMain/kotlin/io/github/alexzhirkevich/cupertino/icons/filled/ArrowCounterclockwiseIcloud.kt,31,common source,common source
cupertino-icons-extended,public val CupertinoIcons.Filled.ArrowDownCircle: ImageVector,cupertino-icons-extended/src/commonMain/kotlin/io/github/alexzhirkevich/cupertino/icons/filled/ArrowDownCircle.kt,31,common source,common source
cupertino-icons-extended,public val CupertinoIcons.Filled.ArrowDownDoc: ImageVector,cupertino-icons-extended/src/commonMain/kotlin/io/github/alexzhirkevich/cupertino/icons/filled/ArrowDownDoc.kt,31,common source,common source
cupertino-icons-extended,public val CupertinoIcons.Filled.ArrowTriangle2CirclepathCamera: ImageVector,cupertino-icons-extended/src/commonMain/kotlin/io/github/alexzhirkevich/cupertino/icons/filled/ArrowTriangle2CirclepathCamera.kt,31,common source,common source
cupertino-icons-extended,public val CupertinoIcons.Filled.ArrowTriangle2CirclepathCircle: ImageVector,cupertino-icons-extended/src/commonMain/kotlin/io/github/alexzhirkevich/cupertino/icons/filled/ArrowTriangle2CirclepathCircle.kt,31,common source,common source
cupertino-icons-extended,public val CupertinoIcons.Filled.ArrowTurnUpForwardIphone: ImageVector,cupertino-icons-extended/src/commonMain/kotlin/io/github/alexzhirkevich/cupertino/icons/filled/ArrowTurnUpForwardIphone.kt,34,common source,common source
cupertino-icons-extended,public val CupertinoIcons.Filled.ArrowUpDoc: ImageVector,cupertino-icons-extended/src/commonMain/kotlin/io/github/alexzhirkevich/cupertino/icons/filled/ArrowUpDoc.kt,31,common source,common source
cupertino-icons-extended,public val CupertinoIcons.Filled.ArrowshapeTurnUpLeft: ImageVector,cupertino-icons-extended/src/commonMain/kotlin/io/github/alexzhirkevich/cupertino/icons/filled/ArrowshapeTurnUpLeft.kt,31,common source,common source
cupertino-icons-extended,public val CupertinoIcons.Filled.ArrowshapeTurnUpLeft2: ImageVector,cupertino-icons-extended/src/commonMain/kotlin/io/github/alexzhirkevich/cupertino/icons/filled/ArrowshapeTurnUpLeft2.kt,31,common source,common source
cupertino-icons-extended,public val CupertinoIcons.Filled.Backward: ImageVector,cupertino-icons-extended/src/commonMain/kotlin/io/github/alexzhirkevich/cupertino/icons/filled/Backward.kt,31,common source,common source
cupertino-icons-extended,public val CupertinoIcons.Filled.BackwardEnd: ImageVector,cupertino-icons-extended/src/commonMain/kotlin/io/github/alexzhirkevich/cupertino/icons/filled/BackwardEnd.kt,31,common source,common source
cupertino-icons-extended,public val CupertinoIcons.Filled.Bag: ImageVector,cupertino-icons-extended/src/commonMain/kotlin/io/github/alexzhirkevich/cupertino/icons/filled/Bag.kt,31,common source,common source
cupertino-icons-extended,public val CupertinoIcons.Filled.BagBadgeMinus: ImageVector,cupertino-icons-extended/src/commonMain/kotlin/io/github/alexzhirkevich/cupertino/icons/filled/BagBadgeMinus.kt,34,common source,common source
cupertino-icons-extended,public val CupertinoIcons.Filled.BagBadgePlus: ImageVector,cupertino-icons-extended/src/commonMain/kotlin/io/github/alexzhirkevich/cupertino/icons/filled/BagBadgePlus.kt,34,common source,common source
cupertino-icons-extended,public val CupertinoIcons.Filled.Balloon: ImageVector,cupertino-icons-extended/src/commonMain/kotlin/io/github/alexzhirkevich/cupertino/icons/filled/Balloon.kt,31,common source,common source
cupertino-icons-extended,public val CupertinoIcons.Filled.Bandage: ImageVector,cupertino-icons-extended/src/commonMain/kotlin/io/github/alexzhirkevich/cupertino/icons/filled/Bandage.kt,31,common source,common source
cupertino-icons-extended,public val CupertinoIcons.Filled.Banknote: ImageVector,cupertino-icons-extended/src/commonMain/kotlin/io/github/alexzhirkevich/cupertino/icons/filled/Banknote.kt,34,common source,common source
cupertino-icons-extended,public val CupertinoIcons.Filled.Baseball: ImageVector,cupertino-icons-extended/src/commonMain/kotlin/io/github/alexzhirkevich/cupertino/icons/filled/Baseball.kt,31,common source,common source
cupertino-icons-extended,public val CupertinoIcons.Filled.Basket: ImageVector,cupertino-icons-extended/src/commonMain/kotlin/io/github/alexzhirkevich/cupertino/icons/filled/Basket.kt,31,common source,common source
cupertino-icons-extended,public val CupertinoIcons.Filled.Basketball: ImageVector,cupertino-icons-extended/src/commonMain/kotlin/io/github/alexzhirkevich/cupertino/icons/filled/Basketball.kt,31,common source,common source
cupertino-icons-extended,public val CupertinoIcons.Filled.BedDouble: ImageVector,cupertino-icons-extended/src/commonMain/kotlin/io/github/alexzhirkevich/cupertino/icons/filled/BedDouble.kt,34,common source,common source
cupertino-icons-extended,public val CupertinoIcons.Filled.BellAndWavesLeftAndRight: ImageVector,cupertino-icons-extended/src/commonMain/kotlin/io/github/alexzhirkevich/cupertino/icons/filled/BellAndWavesLeftAndRight.kt,34,common source,common source
cupertino-icons-extended,public val CupertinoIcons.Filled.BellBadge: ImageVector,cupertino-icons-extended/src/commonMain/kotlin/io/github/alexzhirkevich/cupertino/icons/filled/BellBadge.kt,34,common source,common source
cupertino-icons-extended,public val CupertinoIcons.Filled.BellCircle: ImageVector,cupertino-icons-extended/src/commonMain/kotlin/io/github/alexzhirkevich/cupertino/icons/filled/BellCircle.kt,31,common source,common source
cupertino-icons-extended,public val CupertinoIcons.Filled.BellSlash: ImageVector,cupertino-icons-extended/src/commonMain/kotlin/io/github/alexzhirkevich/cupertino/icons/filled/BellSlash.kt,34,common source,common source
cupertino-icons-extended,public val CupertinoIcons.Filled.Binoculars: ImageVector,cupertino-icons-extended/src/commonMain/kotlin/io/github/alexzhirkevich/cupertino/icons/filled/Binoculars.kt,31,common source,common source
cupertino-icons-extended,public val CupertinoIcons.Filled.BirthdayCake: ImageVector,cupertino-icons-extended/src/commonMain/kotlin/io/github/alexzhirkevich/cupertino/icons/filled/BirthdayCake.kt,31,common source,common source
cupertino-icons-extended,public val CupertinoIcons.Filled.Bolt: ImageVector,cupertino-icons-extended/src/commonMain/kotlin/io/github/alexzhirkevich/cupertino/icons/filled/Bolt.kt,31,common source,common source
cupertino-icons-extended,public val CupertinoIcons.Filled.BoltHorizontal: ImageVector,cupertino-icons-extended/src/commonMain/kotlin/io/github/alexzhirkevich/cupertino/icons/filled/BoltHorizontal.kt,31,common source,common source
cupertino-icons-extended,public val CupertinoIcons.Filled.BoltSlash: ImageVector,cupertino-icons-extended/src/commonMain/kotlin/io/github/alexzhirkevich/cupertino/icons/filled/BoltSlash.kt,34,common source,common source
cupertino-icons-extended,public val CupertinoIcons.Filled.Book: ImageVector,cupertino-icons-extended/src/commonMain/kotlin/io/github/alexzhirkevich/cupertino/icons/filled/Book.kt,31,common source,common source
cupertino-icons-extended,public val CupertinoIcons.Filled.BookCircle: ImageVector,cupertino-icons-extended/src/commonMain/kotlin/io/github/alexzhirkevich/cupertino/icons/filled/BookCircle.kt,31,common source,common source
cupertino-icons-extended,public val CupertinoIcons.Filled.BookClosed: ImageVector,cupertino-icons-extended/src/commonMain/kotlin/io/github/alexzhirkevich/cupertino/icons/filled/BookClosed.kt,31,common source,common source
cupertino-icons-extended,public val CupertinoIcons.Filled.Bookmark: ImageVector,cupertino-icons-extended/src/commonMain/kotlin/io/github/alexzhirkevich/cupertino/icons/filled/Bookmark.kt,31,common source,common source
cupertino-icons-extended,public val CupertinoIcons.Filled.BookmarkSlash: ImageVector,cupertino-icons-extended/src/commonMain/kotlin/io/github/alexzhirkevich/cupertino/icons/filled/BookmarkSlash.kt,34,common source,common source
cupertino-icons-extended,public val CupertinoIcons.Filled.Briefcase: ImageVector,cupertino-icons-extended/src/commonMain/kotlin/io/github/alexzhirkevich/cupertino/icons/filled/Briefcase.kt,31,common source,common source
cupertino-icons-extended,public val CupertinoIcons.Filled.BubbleLeft: ImageVector,cupertino-icons-extended/src/commonMain/kotlin/io/github/alexzhirkevich/cupertino/icons/filled/BubbleLeft.kt,31,common source,common source
cupertino-icons-extended,public val CupertinoIcons.Filled.BubbleRight: ImageVector,cupertino-icons-extended/src/commonMain/kotlin/io/github/alexzhirkevich/cupertino/icons/filled/BubbleRight.kt,31,common source,common source
cupertino-icons-extended,public val CupertinoIcons.Filled.Building: ImageVector,cupertino-icons-extended/src/commonMain/kotlin/io/github/alexzhirkevich/cupertino/icons/filled/Building.kt,31,common source,common source
cupertino-icons-extended,public val CupertinoIcons.Filled.Building2: ImageVector,cupertino-icons-extended/src/commonMain/kotlin/io/github/alexzhirkevich/cupertino/icons/filled/Building2.kt,34,common source,common source
cupertino-icons-extended,public val CupertinoIcons.Filled.Burst: ImageVector,cupertino-icons-extended/src/commonMain/kotlin/io/github/alexzhirkevich/cupertino/icons/filled/Burst.kt,31,common source,common source
cupertino-icons-extended,public val CupertinoIcons.Filled.Camera: ImageVector,cupertino-icons-extended/src/commonMain/kotlin/io/github/alexzhirkevich/cupertino/icons/filled/Camera.kt,31,common source,common source
cupertino-icons-extended,public val CupertinoIcons.Filled.CameraCircle: ImageVector,cupertino-icons-extended/src/commonMain/kotlin/io/github/alexzhirkevich/cupertino/icons/filled/CameraCircle.kt,31,common source,common source
cupertino-icons-extended,public val CupertinoIcons.Filled.Capslock: ImageVector,cupertino-icons-extended/src/commonMain/kotlin/io/github/alexzhirkevich/cupertino/icons/filled/Capslock.kt,31,common source,common source
cupertino-icons-extended,public val CupertinoIcons.Filled.Car: ImageVector,cupertino-icons-extended/src/commonMain/kotlin/io/github/alexzhirkevich/cupertino/icons/filled/Car.kt,31,common source,common source
cupertino-icons-extended,public val CupertinoIcons.Filled.CartBadgeMinus: ImageVector,cupertino-icons-extended/src/commonMain/kotlin/io/github/alexzhirkevich/cupertino/icons/filled/CartBadgeMinus.kt,34,common source,common source
cupertino-icons-extended,public val CupertinoIcons.Filled.CartBadgePlus: ImageVector,cupertino-icons-extended/src/commonMain/kotlin/io/github/alexzhirkevich/cupertino/icons/filled/CartBadgePlus.kt,34,common source,common source
cupertino-icons-extended,public val CupertinoIcons.Filled.Case: ImageVector,cupertino-icons-extended/src/commonMain/kotlin/io/github/alexzhirkevich/cupertino/icons/filled/Case.kt,31,common source,common source
cupertino-icons-extended,public val CupertinoIcons.Filled.ChartBar: ImageVector,cupertino-icons-extended/src/commonMain/kotlin/io/github/alexzhirkevich/cupertino/icons/filled/ChartBar.kt,34,common source,common source
cupertino-icons-extended,public val CupertinoIcons.Filled.CheckmarkIcloud: ImageVector,cupertino-icons-extended/src/commonMain/kotlin/io/github/alexzhirkevich/cupertino/icons/filled/CheckmarkIcloud.kt,31,common source,common source
cupertino-icons-extended,public val CupertinoIcons.Filled.CheckmarkMessage: ImageVector,cupertino-icons-extended/src/commonMain/kotlin/io/github/alexzhirkevich/cupertino/icons/filled/CheckmarkMessage.kt,31,common source,common source
cupertino-icons-extended,public val CupertinoIcons.Filled.CheckmarkSeal: ImageVector,cupertino-icons-extended/src/commonMain/kotlin/io/github/alexzhirkevich/cupertino/icons/filled/CheckmarkSeal.kt,31,common source,common source
cupertino-icons-extended,public val CupertinoIcons.Filled.CheckmarkShield: ImageVector,cupertino-icons-extended/src/commonMain/kotlin/io/github/alexzhirkevich/cupertino/icons/filled/CheckmarkShield.kt,31,common source,common source
cupertino-icons-extended,public val CupertinoIcons.Filled.CheckmarkSquare: ImageVector,cupertino-icons-extended/src/commonMain/kotlin/io/github/alexzhirkevich/cupertino/icons/filled/CheckmarkSquare.kt,31,common source,common source
cupertino-icons-extended,public val CupertinoIcons.Filled.CircleLefthalfed: ImageVector,cupertino-icons-extended/src/commonMain/kotlin/io/github/alexzhirkevich/cupertino/icons/filled/CircleLefthalfed.kt,31,common source,common source
cupertino-icons-extended,public val CupertinoIcons.Filled.CircleRighthalfed: ImageVector,cupertino-icons-extended/src/commonMain/kotlin/io/github/alexzhirkevich/cupertino/icons/filled/CircleRighthalfed.kt,31,common source,common source
cupertino-icons-extended,public val CupertinoIcons.Filled.Clear: ImageVector,cupertino-icons-extended/src/commonMain/kotlin/io/github/alexzhirkevich/cupertino/icons/filled/Clear.kt,31,common source,common source
cupertino-icons-extended,public val CupertinoIcons.Filled.Clipboard: ImageVector,cupertino-icons-extended/src/commonMain/kotlin/io/github/alexzhirkevich/cupertino/icons/filled/Clipboard.kt,31,common source,common source
cupertino-icons-extended,public val CupertinoIcons.Filled.Clock: ImageVector,cupertino-icons-extended/src/commonMain/kotlin/io/github/alexzhirkevich/cupertino/icons/filled/Clock.kt,31,common source,common source
cupertino-icons-extended,public val CupertinoIcons.Filled.Cloud: ImageVector,cupertino-icons-extended/src/commonMain/kotlin/io/github/alexzhirkevich/cupertino/icons/filled/Cloud.kt,31,common source,common source
cupertino-icons-extended,public val CupertinoIcons.Filled.Cone: ImageVector,cupertino-icons-extended/src/commonMain/kotlin/io/github/alexzhirkevich/cupertino/icons/filled/Cone.kt,31,common source,common source
cupertino-icons-extended,public val CupertinoIcons.Filled.Cpu: ImageVector,cupertino-icons-extended/src/commonMain/kotlin/io/github/alexzhirkevich/cupertino/icons/filled/Cpu.kt,31,common source,common source
cupertino-icons-extended,public val CupertinoIcons.Filled.Creditcard: ImageVector,cupertino-icons-extended/src/commonMain/kotlin/io/github/alexzhirkevich/cupertino/icons/filled/Creditcard.kt,31,common source,common source
cupertino-icons-extended,public val CupertinoIcons.Filled.Cross: ImageVector,cupertino-icons-extended/src/commonMain/kotlin/io/github/alexzhirkevich/cupertino/icons/filled/Cross.kt,31,common source,common source
cupertino-icons-extended,public val CupertinoIcons.Filled.CrossCircle: ImageVector,cupertino-icons-extended/src/commonMain/kotlin/io/github/alexzhirkevich/cupertino/icons/filled/CrossCircle.kt,31,common source,common source
cupertino-icons-extended,public val CupertinoIcons.Filled.CrossVial: ImageVector,cupertino-icons-extended/src/commonMain/kotlin/io/github/alexzhirkevich/cupertino/icons/filled/CrossVial.kt,31,common source,common source
cupertino-icons-extended,public val CupertinoIcons.Filled.Crown: ImageVector,cupertino-icons-extended/src/commonMain/kotlin/io/github/alexzhirkevich/cupertino/icons/filled/Crown.kt,31,common source,common source
cupertino-icons-extended,public val CupertinoIcons.Filled.Cube: ImageVector,cupertino-icons-extended/src/commonMain/kotlin/io/github/alexzhirkevich/cupertino/icons/filled/Cube.kt,31,common source,common source
cupertino-icons-extended,public val CupertinoIcons.Filled.CupAndSaucer: ImageVector,cupertino-icons-extended/src/commonMain/kotlin/io/github/alexzhirkevich/cupertino/icons/filled/CupAndSaucer.kt,31,common source,common source
cupertino-icons-extended,public val CupertinoIcons.Filled.DeleteLeft: ImageVector,cupertino-icons-extended/src/commonMain/kotlin/io/github/alexzhirkevich/cupertino/icons/filled/DeleteLeft.kt,31,common source,common source
cupertino-icons-extended,public val CupertinoIcons.Filled.DeleteRight: ImageVector,cupertino-icons-extended/src/commonMain/kotlin/io/github/alexzhirkevich/cupertino/icons/filled/DeleteRight.kt,31,common source,common source
cupertino-icons-extended,public val CupertinoIcons.Filled.Dice: ImageVector,cupertino-icons-extended/src/commonMain/kotlin/io/github/alexzhirkevich/cupertino/icons/filled/Dice.kt,34,common source,common source
cupertino-icons-extended,public val CupertinoIcons.Filled.Doc: ImageVector,cupertino-icons-extended/src/commonMain/kotlin/io/github/alexzhirkevich/cupertino/icons/filled/Doc.kt,31,common source,common source
cupertino-icons-extended,public val CupertinoIcons.Filled.DocBadgeArrowUp: ImageVector,cupertino-icons-extended/src/commonMain/kotlin/io/github/alexzhirkevich/cupertino/icons/filled/DocBadgeArrowUp.kt,34,common source,common source
cupertino-icons-extended,public val CupertinoIcons.Filled.DocBadgePlus: ImageVector,cupertino-icons-extended/src/commonMain/kotlin/io/github/alexzhirkevich/cupertino/icons/filled/DocBadgePlus.kt,34,common source,common source
cupertino-icons-extended,public val CupertinoIcons.Filled.DocOnDoc: ImageVector,cupertino-icons-extended/src/commonMain/kotlin/io/github/alexzhirkevich/cupertino/icons/filled/DocOnDoc.kt,34,common source,common source
cupertino-icons-extended,public val CupertinoIcons.Filled.DocPlaintext: ImageVector,cupertino-icons-extended/src/commonMain/kotlin/io/github/alexzhirkevich/cupertino/icons/filled/DocPlaintext.kt,31,common source,common source
cupertino-icons-extended,public val CupertinoIcons.Filled.DocText: ImageVector,cupertino-icons-extended/src/commonMain/kotlin/io/github/alexzhirkevich/cupertino/icons/filled/DocText.kt,34,common source,common source
cupertino-icons-extended,public val CupertinoIcons.Filled.Drop: ImageVector,cupertino-icons-extended/src/commonMain/kotlin/io/github/alexzhirkevich/cupertino/icons/filled/Drop.kt,31,common source,common source
cupertino-icons-extended,public val CupertinoIcons.Filled.Ear: ImageVector,cupertino-icons-extended/src/commonMain/kotlin/io/github/alexzhirkevich/cupertino/icons/filled/Ear.kt,31,common source,common source
cupertino-icons-extended,public val CupertinoIcons.Filled.EllipsisBubble: ImageVector,cupertino-icons-extended/src/commonMain/kotlin/io/github/alexzhirkevich/cupertino/icons/filled/EllipsisBubble.kt,31,common source,common source
cupertino-icons-extended,public val CupertinoIcons.Filled.EllipsisCircle: ImageVector,cupertino-icons-extended/src/commonMain/kotlin/io/github/alexzhirkevich/cupertino/icons/filled/EllipsisCircle.kt,31,common source,common source
cupertino-icons-extended,public val CupertinoIcons.Filled.EllipsisMessage: ImageVector,cupertino-icons-extended/src/commonMain/kotlin/io/github/alexzhirkevich/cupertino/icons/filled/EllipsisMessage.kt,31,common source,common source
cupertino-icons-extended,public val CupertinoIcons.Filled.EnvelopeBadge: ImageVector,cupertino-icons-extended/src/commonMain/kotlin/io/github/alexzhirkevich/cupertino/icons/filled/EnvelopeBadge.kt,34,common source,common source
cupertino-icons-extended,public val CupertinoIcons.Filled.EnvelopeCircle: ImageVector,cupertino-icons-extended/src/commonMain/kotlin/io/github/alexzhirkevich/cupertino/icons/filled/EnvelopeCircle.kt,31,common source,common source
cupertino-icons-extended,public val CupertinoIcons.Filled.EnvelopeOpen: ImageVector,cupertino-icons-extended/src/commonMain/kotlin/io/github/alexzhirkevich/cupertino/icons/filled/EnvelopeOpen.kt,31,common source,common source
cupertino-icons-extended,public val CupertinoIcons.Filled.Eraser: ImageVector,cupertino-icons-extended/src/commonMain/kotlin/io/github/alexzhirkevich/cupertino/icons/filled/Eraser.kt,31,common source,common source
cupertino-icons-extended,public val CupertinoIcons.Filled.ExclamationmarkCircle: ImageVector,cupertino-icons-extended/src/commonMain/kotlin/io/github/alexzhirkevich/cupertino/icons/filled/ExclamationmarkCircle.kt,31,common source,common source
cupertino-icons-extended,public val CupertinoIcons.Filled.ExclamationmarkIcloud: ImageVector,cupertino-icons-extended/src/commonMain/kotlin/io/github/alexzhirkevich/cupertino/icons/filled/ExclamationmarkIcloud.kt,31,common source,common source
cupertino-icons-extended,public val CupertinoIcons.Filled.ExclamationmarkSquare: ImageVector,cupertino-icons-extended/src/commonMain/kotlin/io/github/alexzhirkevich/cupertino/icons/filled/ExclamationmarkSquare.kt,31,common source,common source
cupertino-icons-extended,public val CupertinoIcons.Filled.Externaldrive: ImageVector,cupertino-icons-extended/src/commonMain/kotlin/io/github/alexzhirkevich/cupertino/icons/filled/Externaldrive.kt,31,common source,common source
cupertino-icons-extended,public val CupertinoIcons.Filled.Eye: ImageVector,cupertino-icons-extended/src/commonMain/kotlin/io/github/alexzhirkevich/cupertino/icons/filled/Eye.kt,31,common source,common source
cupertino-icons-extended,public val CupertinoIcons.Filled.EyeSlash: ImageVector,cupertino-icons-extended/src/commonMain/kotlin/io/github/alexzhirkevich/cupertino/icons/filled/EyeSlash.kt,34,common source,common source
cupertino-icons-extended,public val CupertinoIcons.Filled.Facemask: ImageVector,cupertino-icons-extended/src/commonMain/kotlin/io/github/alexzhirkevich/cupertino/icons/filled/Facemask.kt,34,common source,common source
cupertino-icons-extended,public val CupertinoIcons.Filled.Fanblades: ImageVector,cupertino-icons-extended/src/commonMain/kotlin/io/github/alexzhirkevich/cupertino/icons/filled/Fanblades.kt,31,common source,common source
cupertino-icons-extended,public val CupertinoIcons.Filled.FanbladesSlash: ImageVector,cupertino-icons-extended/src/commonMain/kotlin/io/github/alexzhirkevich/cupertino/icons/filled/FanbladesSlash.kt,34,common source,common source
cupertino-icons-extended,public val CupertinoIcons.Filled.Film: ImageVector,cupertino-icons-extended/src/commonMain/kotlin/io/github/alexzhirkevich/cupertino/icons/filled/Film.kt,31,common source,common source
cupertino-icons-extended,public val CupertinoIcons.Filled.Flag: ImageVector,cupertino-icons-extended/src/commonMain/kotlin/io/github/alexzhirkevich/cupertino/icons/filled/Flag.kt,31,common source,common source
cupertino-icons-extended,public val CupertinoIcons.Filled.Flag2Crossed: ImageVector,cupertino-icons-extended/src/commonMain/kotlin/io/github/alexzhirkevich/cupertino/icons/filled/Flag2Crossed.kt,34,common source,common source
cupertino-icons-extended,public val CupertinoIcons.Filled.FlagSlash: ImageVector,cupertino-icons-extended/src/commonMain/kotlin/io/github/alexzhirkevich/cupertino/icons/filled/FlagSlash.kt,34,common source,common source
cupertino-icons-extended,public val CupertinoIcons.Filled.Flame: ImageVector,cupertino-icons-extended/src/commonMain/kotlin/io/github/alexzhirkevich/cupertino/icons/filled/Flame.kt,31,common source,common source
cupertino-icons-extended,public val CupertinoIcons.Filled.Folder: ImageVector,cupertino-icons-extended/src/commonMain/kotlin/io/github/alexzhirkevich/cupertino/icons/filled/Folder.kt,31,common source,common source
cupertino-icons-extended,public val CupertinoIcons.Filled.FolderBadgePlus: ImageVector,cupertino-icons-extended/src/commonMain/kotlin/io/github/alexzhirkevich/cupertino/icons/filled/FolderBadgePlus.kt,34,common source,common source
cupertino-icons-extended,public val CupertinoIcons.Filled.Football: ImageVector,cupertino-icons-extended/src/commonMain/kotlin/io/github/alexzhirkevich/cupertino/icons/filled/Football.kt,31,common source,common source
cupertino-icons-extended,public val CupertinoIcons.Filled.ForkKnifeCircle: ImageVector,cupertino-icons-extended/src/commonMain/kotlin/io/github/alexzhirkevich/cupertino/icons/filled/ForkKnifeCircle.kt,31,common source,common source
cupertino-icons-extended,public val CupertinoIcons.Filled.Forward: ImageVector,cupertino-icons-extended/src/commonMain/kotlin/io/github/alexzhirkevich/cupertino/icons/filled/Forward.kt,31,common source,common source
cupertino-icons-extended,public val CupertinoIcons.Filled.ForwardEnd: ImageVector,cupertino-icons-extended/src/commonMain/kotlin/io/github/alexzhirkevich/cupertino/icons/filled/ForwardEnd.kt,31,common source,common source
cupertino-icons-extended,public val CupertinoIcons.Filled.Fuelpump: ImageVector,cupertino-icons-extended/src/commonMain/kotlin/io/github/alexzhirkevich/cupertino/icons/filled/Fuelpump.kt,31,common source,common source
cupertino-icons-extended,public val CupertinoIcons.Filled.Gamecontroller: ImageVector,cupertino-icons-extended/src/commonMain/kotlin/io/github/alexzhirkevich/cupertino/icons/filled/Gamecontroller.kt,31,common source,common source
cupertino-icons-extended,public val CupertinoIcons.Filled.Gearshape2: ImageVector,cupertino-icons-extended/src/commonMain/kotlin/io/github/alexzhirkevich/cupertino/icons/filled/Gearshape2.kt,31,common source,common source
cupertino-icons-extended,public val CupertinoIcons.Filled.Gift: ImageVector,cupertino-icons-extended/src/commonMain/kotlin/io/github/alexzhirkevich/cupertino/icons/filled/Gift.kt,31,common source,common source
cupertino-icons-extended,public val CupertinoIcons.Filled.Giftcard: ImageVector,cupertino-icons-extended/src/commonMain/kotlin/io/github/alexzhirkevich/cupertino/icons/filled/Giftcard.kt,31,common source,common source
cupertino-icons-extended,public val CupertinoIcons.Filled.GlobeDesk: ImageVector,cupertino-icons-extended/src/commonMain/kotlin/io/github/alexzhirkevich/cupertino/icons/filled/GlobeDesk.kt,31,common source,common source
cupertino-icons-extended,public val CupertinoIcons.Filled.Graduationcap: ImageVector,cupertino-icons-extended/src/commonMain/kotlin/io/github/alexzhirkevich/cupertino/icons/filled/Graduationcap.kt,31,common source,common source
cupertino-icons-extended,public val CupertinoIcons.Filled.Hammer: ImageVector,cupertino-icons-extended/src/commonMain/kotlin/io/github/alexzhirkevich/cupertino/icons/filled/Hammer.kt,31,common source,common source
cupertino-icons-extended,public val CupertinoIcons.Filled.HandDraw: ImageVector,cupertino-icons-extended/src/commonMain/kotlin/io/github/alexzhirkevich/cupertino/icons/filled/HandDraw.kt,34,common source,common source
cupertino-icons-extended,public val CupertinoIcons.Filled.HandPointUp: ImageVector,cupertino-icons-extended/src/commonMain/kotlin/io/github/alexzhirkevich/cupertino/icons/filled/HandPointUp.kt,31,common source,common source
cupertino-icons-extended,public val CupertinoIcons.Filled.HandPointUpLeft: ImageVector,cupertino-icons-extended/src/commonMain/kotlin/io/github/alexzhirkevich/cupertino/icons/filled/HandPointUpLeft.kt,31,common source,common source
cupertino-icons-extended,public val CupertinoIcons.Filled.HandRaised: ImageVector,cupertino-icons-extended/src/commonMain/kotlin/io/github/alexzhirkevich/cupertino/icons/filled/HandRaised.kt,31,common source,common source
cupertino-icons-extended,public val CupertinoIcons.Filled.HandRaisedSlash: ImageVector,cupertino-icons-extended/src/commonMain/kotlin/io/github/alexzhirkevich/cupertino/icons/filled/HandRaisedSlash.kt,34,common source,common source
cupertino-icons-extended,public val CupertinoIcons.Filled.HandTap: ImageVector,cupertino-icons-extended/src/commonMain/kotlin/io/github/alexzhirkevich/cupertino/icons/filled/HandTap.kt,34,common source,common source
cupertino-icons-extended,public val CupertinoIcons.Filled.HandThumbsdown: ImageVector,cupertino-icons-extended/src/commonMain/kotlin/io/github/alexzhirkevich/cupertino/icons/filled/HandThumbsdown.kt,31,common source,common source
cupertino-icons-extended,public val CupertinoIcons.Filled.HandWave: ImageVector,cupertino-icons-extended/src/commonMain/kotlin/io/github/alexzhirkevich/cupertino/icons/filled/HandWave.kt,31,common source,common source
cupertino-icons-extended,public val CupertinoIcons.Filled.HandsSparkles: ImageVector,cupertino-icons-extended/src/commonMain/kotlin/io/github/alexzhirkevich/cupertino/icons/filled/HandsSparkles.kt,34,common source,common source
cupertino-icons-extended,public val CupertinoIcons.Filled.HeadphonesCircle: ImageVector,cupertino-icons-extended/src/commonMain/kotlin/io/github/alexzhirkevich/cupertino/icons/filled/HeadphonesCircle.kt,31,common source,common source
cupertino-icons-extended,public val CupertinoIcons.Filled.HeartCircle: ImageVector,cupertino-icons-extended/src/commonMain/kotlin/io/github/alexzhirkevich/cupertino/icons/filled/HeartCircle.kt,31,common source,common source
cupertino-icons-extended,public val CupertinoIcons.Filled.HeartSlash: ImageVector,cupertino-icons-extended/src/commonMain/kotlin/io/github/alexzhirkevich/cupertino/icons/filled/HeartSlash.kt,34,common source,common source
cupertino-icons-extended,public val CupertinoIcons.Filled.HeartTextSquare: ImageVector,cupertino-icons-extended/src/commonMain/kotlin/io/github/alexzhirkevich/cupertino/icons/filled/HeartTextSquare.kt,31,common source,common source
cupertino-icons-extended,public val CupertinoIcons.Filled.Hifispeaker: ImageVector,cupertino-icons-extended/src/commonMain/kotlin/io/github/alexzhirkevich/cupertino/icons/filled/Hifispeaker.kt,31,common source,common source
cupertino-icons-extended,public val CupertinoIcons.Filled.Homepod: ImageVector,cupertino-icons-extended/src/commonMain/kotlin/io/github/alexzhirkevich/cupertino/icons/filled/Homepod.kt,34,common source,common source
cupertino-icons-extended,public val CupertinoIcons.Filled.Homepodmini: ImageVector,cupertino-icons-extended/src/commonMain/kotlin/io/github/alexzhirkevich/cupertino/icons/filled/Homepodmini.kt,34,common source,common source
cupertino-icons-extended,public val CupertinoIcons.Filled.Icloud: ImageVector,cupertino-icons-extended/src/commonMain/kotlin/io/github/alexzhirkevich/cupertino/icons/filled/Icloud.kt,31,common source,common source
cupertino-icons-extended,public val CupertinoIcons.Filled.IcloudAndArrowDown: ImageVector,cupertino-icons-extended/src/commonMain/kotlin/io/github/alexzhirkevich/cupertino/icons/filled/IcloudAndArrowDown.kt,31,common source,common source
cupertino-icons-extended,public val CupertinoIcons.Filled.IcloudAndArrowUp: ImageVector,cupertino-icons-extended/src/commonMain/kotlin/io/github/alexzhirkevich/cupertino/icons/filled/IcloudAndArrowUp.kt,31,common source,common source
cupertino-icons-extended,public val CupertinoIcons.Filled.InfoBubble: ImageVector,cupertino-icons-extended/src/commonMain/kotlin/io/github/alexzhirkevich/cupertino/icons/filled/InfoBubble.kt,31,common source,common source
cupertino-icons-extended,public val CupertinoIcons.Filled.InfoSquare: ImageVector,cupertino-icons-extended/src/commonMain/kotlin/io/github/alexzhirkevich/cupertino/icons/filled/InfoSquare.kt,31,common source,common source
cupertino-icons-extended,public val CupertinoIcons.Filled.Key: ImageVector,cupertino-icons-extended/src/commonMain/kotlin/io/github/alexzhirkevich/cupertino/icons/filled/Key.kt,31,common source,common source
cupertino-icons-extended,public val CupertinoIcons.Filled.KeyIcloud: ImageVector,cupertino-icons-extended/src/commonMain/kotlin/io/github/alexzhirkevich/cupertino/icons/filled/KeyIcloud.kt,31,common source,common source
cupertino-icons-extended,public val CupertinoIcons.Filled.Keyboard: ImageVector,cupertino-icons-extended/src/commonMain/kotlin/io/github/alexzhirkevich/cupertino/icons/filled/Keyboard.kt,31,common source,common source
cupertino-icons-extended,public val CupertinoIcons.Filled.Lanyardcard: ImageVector,cupertino-icons-extended/src/commonMain/kotlin/io/github/alexzhirkevich/cupertino/icons/filled/Lanyardcard.kt,31,common source,common source
cupertino-icons-extended,public val CupertinoIcons.Filled.Leaf: ImageVector,cupertino-icons-extended/src/commonMain/kotlin/io/github/alexzhirkevich/cupertino/icons/filled/Leaf.kt,31,common source,common source
cupertino-icons-extended,public val CupertinoIcons.Filled.Level: ImageVector,cupertino-icons-extended/src/commonMain/kotlin/io/github/alexzhirkevich/cupertino/icons/filled/Level.kt,31,common source,common source
cupertino-icons-extended,public val CupertinoIcons.Filled.Lifepreserver: ImageVector,cupertino-icons-extended/src/commonMain/kotlin/io/github/alexzhirkevich/cupertino/icons/filled/Lifepreserver.kt,31,common source,common source
cupertino-icons-extended,public val CupertinoIcons.Filled.LightBeaconMax: ImageVector,cupertino-icons-extended/src/commonMain/kotlin/io/github/alexzhirkevich/cupertino/icons/filled/LightBeaconMax.kt,34,common source,common source
cupertino-icons-extended,public val CupertinoIcons.Filled.Lightbulb: ImageVector,cupertino-icons-extended/src/commonMain/kotlin/io/github/alexzhirkevich/cupertino/icons/filled/Lightbulb.kt,34,common source,common source
cupertino-icons-extended,public val CupertinoIcons.Filled.LightbulbSlash: ImageVector,cupertino-icons-extended/src/commonMain/kotlin/io/github/alexzhirkevich/cupertino/icons/filled/LightbulbSlash.kt,34,common source,common source
cupertino-icons-extended,public val CupertinoIcons.Filled.LinkCircle: ImageVector,cupertino-icons-extended/src/commonMain/kotlin/io/github/alexzhirkevich/cupertino/icons/filled/LinkCircle.kt,31,common source,common source
cupertino-icons-extended,public val CupertinoIcons.Filled.ListBulletCircle: ImageVector,cupertino-icons-extended/src/commonMain/kotlin/io/github/alexzhirkevich/cupertino/icons/filled/ListBulletCircle.kt,31,common source,common source
cupertino-icons-extended,public val CupertinoIcons.Filled.ListBulletClipboard: ImageVector,cupertino-icons-extended/src/commonMain/kotlin/io/github/alexzhirkevich/cupertino/icons/filled/ListBulletClipboard.kt,31,common source,common source
cupertino-icons-extended,public val CupertinoIcons.Filled.ListClipboard: ImageVector,cupertino-icons-extended/src/commonMain/kotlin/io/github/alexzhirkevich/cupertino/icons/filled/ListClipboard.kt,31,common source,common source
cupertino-icons-extended,public val CupertinoIcons.Filled.LockCircle: ImageVector,cupertino-icons-extended/src/commonMain/kotlin/io/github/alexzhirkevich/cupertino/icons/filled/LockCircle.kt,31,common source,common source
cupertino-icons-extended,public val CupertinoIcons.Filled.LockOpen: ImageVector,cupertino-icons-extended/src/commonMain/kotlin/io/github/alexzhirkevich/cupertino/icons/filled/LockOpen.kt,31,common source,common source
cupertino-icons-extended,public val CupertinoIcons.Filled.LockSlash: ImageVector,cupertino-icons-extended/src/commonMain/kotlin/io/github/alexzhirkevich/cupertino/icons/filled/LockSlash.kt,34,common source,common source
cupertino-icons-extended,public val CupertinoIcons.Filled.Magazine: ImageVector,cupertino-icons-extended/src/commonMain/kotlin/io/github/alexzhirkevich/cupertino/icons/filled/Magazine.kt,31,common source,common source
cupertino-icons-extended,public val CupertinoIcons.Filled.Mail: ImageVector,cupertino-icons-extended/src/commonMain/kotlin/io/github/alexzhirkevich/cupertino/icons/filled/Mail.kt,31,common source,common source
cupertino-icons-extended,public val CupertinoIcons.Filled.MailStack: ImageVector,cupertino-icons-extended/src/commonMain/kotlin/io/github/alexzhirkevich/cupertino/icons/filled/MailStack.kt,31,common source,common source
cupertino-icons-extended,public val CupertinoIcons.Filled.Map: ImageVector,cupertino-icons-extended/src/commonMain/kotlin/io/github/alexzhirkevich/cupertino/icons/filled/Map.kt,31,common source,common source
cupertino-icons-extended,public val CupertinoIcons.Filled.Medal: ImageVector,cupertino-icons-extended/src/commonMain/kotlin/io/github/alexzhirkevich/cupertino/icons/filled/Medal.kt,31,common source,common source
cupertino-icons-extended,public val CupertinoIcons.Filled.Megaphone: ImageVector,cupertino-icons-extended/src/commonMain/kotlin/io/github/alexzhirkevich/cupertino/icons/filled/Megaphone.kt,31,common source,common source
cupertino-icons-extended,public val CupertinoIcons.Filled.Menucard: ImageVector,cupertino-icons-extended/src/commonMain/kotlin/io/github/alexzhirkevich/cupertino/icons/filled/Menucard.kt,31,common source,common source
cupertino-icons-extended,public val CupertinoIcons.Filled.Message: ImageVector,cupertino-icons-extended/src/commonMain/kotlin/io/github/alexzhirkevich/cupertino/icons/filled/Message.kt,31,common source,common source
cupertino-icons-extended,public val CupertinoIcons.Filled.MessageBadgeed: ImageVector,cupertino-icons-extended/src/commonMain/kotlin/io/github/alexzhirkevich/cupertino/icons/filled/MessageBadgeed.kt,34,common source,common source
cupertino-icons-extended,public val CupertinoIcons.Filled.Mic: ImageVector,cupertino-icons-extended/src/commonMain/kotlin/io/github/alexzhirkevich/cupertino/icons/filled/Mic.kt,31,common source,common source
cupertino-icons-extended,public val CupertinoIcons.Filled.MicSlash: ImageVector,cupertino-icons-extended/src/commonMain/kotlin/io/github/alexzhirkevich/cupertino/icons/filled/MicSlash.kt,34,common source,common source
cupertino-icons-extended,public val CupertinoIcons.Filled.MinusCircle: ImageVector,cupertino-icons-extended/src/commonMain/kotlin/io/github/alexzhirkevich/cupertino/icons/filled/MinusCircle.kt,31,common source,common source
cupertino-icons-extended,public val CupertinoIcons.Filled.Moon: ImageVector,cupertino-icons-extended/src/commonMain/kotlin/io/github/alexzhirkevich/cupertino/icons/filled/Moon.kt,31,common source,common source
cupertino-icons-extended,public val CupertinoIcons.Filled.MoonStars: ImageVector,cupertino-icons-extended/src/commonMain/kotlin/io/github/alexzhirkevich/cupertino/icons/filled/MoonStars.kt,34,common source,common source
cupertino-icons-extended,public val CupertinoIcons.Filled.Mount: ImageVector,cupertino-icons-extended/src/commonMain/kotlin/io/github/alexzhirkevich/cupertino/icons/filled/Mount.kt,31,common source,common source
cupertino-icons-extended,public val CupertinoIcons.Filled.Newspaper: ImageVector,cupertino-icons-extended/src/commonMain/kotlin/io/github/alexzhirkevich/cupertino/icons/filled/Newspaper.kt,31,common source,common source
cupertino-icons-extended,public val CupertinoIcons.Filled.Opticaldisc: ImageVector,cupertino-icons-extended/src/commonMain/kotlin/io/github/alexzhirkevich/cupertino/icons/filled/Opticaldisc.kt,31,common source,common source
cupertino-icons-extended,public val CupertinoIcons.Filled.Paintbrush: ImageVector,cupertino-icons-extended/src/commonMain/kotlin/io/github/alexzhirkevich/cupertino/icons/filled/Paintbrush.kt,31,common source,common source
cupertino-icons-extended,public val CupertinoIcons.Filled.PaintbrushPointed: ImageVector,cupertino-icons-extended/src/commonMain/kotlin/io/github/alexzhirkevich/cupertino/icons/filled/PaintbrushPointed.kt,31,common source,common source
cupertino-icons-extended,public val CupertinoIcons.Filled.Paintpalette: ImageVector,cupertino-icons-extended/src/commonMain/kotlin/io/github/alexzhirkevich/cupertino/icons/filled/Paintpalette.kt,31,common source,common source
cupertino-icons-extended,public val CupertinoIcons.Filled.PaperclipCircle: ImageVector,cupertino-icons-extended/src/commonMain/kotlin/io/github/alexzhirkevich/cupertino/icons/filled/PaperclipCircle.kt,31,common source,common source
cupertino-icons-extended,public val CupertinoIcons.Filled.PartyPopper: ImageVector,cupertino-icons-extended/src/commonMain/kotlin/io/github/alexzhirkevich/cupertino/icons/filled/PartyPopper.kt,34,common source,common source
cupertino-icons-extended,public val CupertinoIcons.Filled.Pause: ImageVector,cupertino-icons-extended/src/commonMain/kotlin/io/github/alexzhirkevich/cupertino/icons/filled/Pause.kt,31,common source,common source
cupertino-icons-extended,public val CupertinoIcons.Filled.PauseCircle: ImageVector,cupertino-icons-extended/src/commonMain/kotlin/io/github/alexzhirkevich/cupertino/icons/filled/PauseCircle.kt,31,common source,common source
cupertino-icons-extended,public val CupertinoIcons.Filled.Pawprint: ImageVector,cupertino-icons-extended/src/commonMain/kotlin/io/github/alexzhirkevich/cupertino/icons/filled/Pawprint.kt,31,common source,common source
cupertino-icons-extended,public val CupertinoIcons.Filled.PencilCircle: ImageVector,cupertino-icons-extended/src/commonMain/kotlin/io/github/alexzhirkevich/cupertino/icons/filled/PencilCircle.kt,31,common source,common source
cupertino-icons-extended,public val CupertinoIcons.Filled.Person2: ImageVector,cupertino-icons-extended/src/commonMain/kotlin/io/github/alexzhirkevich/cupertino/icons/filled/Person2.kt,34,common source,common source
cupertino-icons-extended,public val CupertinoIcons.Filled.PersonCircle: ImageVector,cupertino-icons-extended/src/commonMain/kotlin/io/github/alexzhirkevich/cupertino/icons/filled/PersonCircle.kt,31,common source,common source
cupertino-icons-extended,public val CupertinoIcons.Filled.PersonCropCircleBadgeMinus: ImageVector,cupertino-icons-extended/src/commonMain/kotlin/io/github/alexzhirkevich/cupertino/icons/filled/PersonCropCircleBadgeMinus.kt,34,common source,common source
cupertino-icons-extended,public val CupertinoIcons.Filled.PersonCropCircleBadgePlus: ImageVector,cupertino-icons-extended/src/commonMain/kotlin/io/github/alexzhirkevich/cupertino/icons/filled/PersonCropCircleBadgePlus.kt,34,common source,common source
cupertino-icons-extended,public val CupertinoIcons.Filled.PersonIcloud: ImageVector,cupertino-icons-extended/src/commonMain/kotlin/io/github/alexzhirkevich/cupertino/icons/filled/PersonIcloud.kt,31,common source,common source
cupertino-icons-extended,public val CupertinoIcons.Filled.PersonTextRectangle: ImageVector,cupertino-icons-extended/src/commonMain/kotlin/io/github/alexzhirkevich/cupertino/icons/filled/PersonTextRectangle.kt,31,common source,common source
cupertino-icons-extended,public val CupertinoIcons.Filled.PersonViewfinder: ImageVector,cupertino-icons-extended/src/commonMain/kotlin/io/github/alexzhirkevich/cupertino/icons/filled/PersonViewfinder.kt,34,common source,common source
cupertino-icons-extended,public val CupertinoIcons.Filled.PersonWave2: ImageVector,cupertino-icons-extended/src/commonMain/kotlin/io/github/alexzhirkevich/cupertino/icons/filled/PersonWave2.kt,34,common source,common source
cupertino-icons-extended,public val CupertinoIcons.Filled.PhoneAndWaveform: ImageVector,cupertino-icons-extended/src/commonMain/kotlin/io/github/alexzhirkevich/cupertino/icons/filled/PhoneAndWaveform.kt,34,common source,common source
cupertino-icons-extended,public val CupertinoIcons.Filled.PhoneArrowDownLeft: ImageVector,cupertino-icons-extended/src/commonMain/kotlin/io/github/alexzhirkevich/cupertino/icons/filled/PhoneArrowDownLeft.kt,34,common source,common source
cupertino-icons-extended,public val CupertinoIcons.Filled.PhoneArrowUpRight: ImageVector,cupertino-icons-extended/src/commonMain/kotlin/io/github/alexzhirkevich/cupertino/icons/filled/PhoneArrowUpRight.kt,34,common source,common source
cupertino-icons-extended,public val CupertinoIcons.Filled.PhoneBadgePlus: ImageVector,cupertino-icons-extended/src/commonMain/kotlin/io/github/alexzhirkevich/cupertino/icons/filled/PhoneBadgePlus.kt,34,common source,common source
cupertino-icons-extended,public val CupertinoIcons.Filled.PhoneCircle: ImageVector,cupertino-icons-extended/src/commonMain/kotlin/io/github/alexzhirkevich/cupertino/icons/filled/PhoneCircle.kt,31,common source,common source
cupertino-icons-extended,public val CupertinoIcons.Filled.PhoneConnection: ImageVector,cupertino-icons-extended/src/commonMain/kotlin/io/github/alexzhirkevich/cupertino/icons/filled/PhoneConnection.kt,34,common source,common source
cupertino-icons-extended,public val CupertinoIcons.Filled.Photo: ImageVector,cupertino-icons-extended/src/commonMain/kotlin/io/github/alexzhirkevich/cupertino/icons/filled/Photo.kt,31,common source,common source
cupertino-icons-extended,public val CupertinoIcons.Filled.PhotoStack: ImageVector,cupertino-icons-extended/src/commonMain/kotlin/io/github/alexzhirkevich/cupertino/icons/filled/PhotoStack.kt,31,common source,common source
cupertino-icons-extended,public val CupertinoIcons.Filled.Pill: ImageVector,cupertino-icons-extended/src/commonMain/kotlin/io/github/alexzhirkevich/cupertino/icons/filled/Pill.kt,31,common source,common source
cupertino-icons-extended,public val CupertinoIcons.Filled.Pin: ImageVector,cupertino-icons-extended/src/commonMain/kotlin/io/github/alexzhirkevich/cupertino/icons/filled/Pin.kt,31,common source,common source
cupertino-icons-extended,public val CupertinoIcons.Filled.PinCircle: ImageVector,cupertino-icons-extended/src/commonMain/kotlin/io/github/alexzhirkevich/cupertino/icons/filled/PinCircle.kt,31,common source,common source
cupertino-icons-extended,public val CupertinoIcons.Filled.PinSlash: ImageVector,cupertino-icons-extended/src/commonMain/kotlin/io/github/alexzhirkevich/cupertino/icons/filled/PinSlash.kt,34,common source,common source
cupertino-icons-extended,public val CupertinoIcons.Filled.Pip: ImageVector,cupertino-icons-extended/src/commonMain/kotlin/io/github/alexzhirkevich/cupertino/icons/filled/Pip.kt,34,common source,common source
cupertino-icons-extended,public val CupertinoIcons.Filled.PlayCircle: ImageVector,cupertino-icons-extended/src/commonMain/kotlin/io/github/alexzhirkevich/cupertino/icons/filled/PlayCircle.kt,31,common source,common source
cupertino-icons-extended,public val CupertinoIcons.Filled.PlusApp: ImageVector,cupertino-icons-extended/src/commonMain/kotlin/io/github/alexzhirkevich/cupertino/icons/filled/PlusApp.kt,31,common source,common source
cupertino-icons-extended,public val CupertinoIcons.Filled.PlusBubble: ImageVector,cupertino-icons-extended/src/commonMain/kotlin/io/github/alexzhirkevich/cupertino/icons/filled/PlusBubble.kt,31,common source,common source
cupertino-icons-extended,public val CupertinoIcons.Filled.PlusMessage: ImageVector,cupertino-icons-extended/src/commonMain/kotlin/io/github/alexzhirkevich/cupertino/icons/filled/PlusMessage.kt,31,common source,common source
cupertino-icons-extended,public val CupertinoIcons.Filled.PlusSquare: ImageVector,cupertino-icons-extended/src/commonMain/kotlin/io/github/alexzhirkevich/cupertino/icons/filled/PlusSquare.kt,31,common source,common source
cupertino-icons-extended,public val CupertinoIcons.Filled.Popcorn: ImageVector,cupertino-icons-extended/src/commonMain/kotlin/io/github/alexzhirkevich/cupertino/icons/filled/Popcorn.kt,31,common source,common source
cupertino-icons-extended,public val CupertinoIcons.Filled.PowerCircle: ImageVector,cupertino-icons-extended/src/commonMain/kotlin/io/github/alexzhirkevich/cupertino/icons/filled/PowerCircle.kt,31,common source,common source
cupertino-icons-extended,public val CupertinoIcons.Filled.Printer: ImageVector,cupertino-icons-extended/src/commonMain/kotlin/io/github/alexzhirkevich/cupertino/icons/filled/Printer.kt,31,common source,common source
cupertino-icons-extended,public val CupertinoIcons.Filled.Puzzlepiece: ImageVector,cupertino-icons-extended/src/commonMain/kotlin/io/github/alexzhirkevich/cupertino/icons/filled/Puzzlepiece.kt,31,common source,common source
cupertino-icons-extended,public val CupertinoIcons.Filled.PuzzlepieceExtension: ImageVector,cupertino-icons-extended/src/commonMain/kotlin/io/github/alexzhirkevich/cupertino/icons/filled/PuzzlepieceExtension.kt,31,common source,common source
cupertino-icons-extended,public val CupertinoIcons.Filled.QuestionmarkApp: ImageVector,cupertino-icons-extended/src/commonMain/kotlin/io/github/alexzhirkevich/cupertino/icons/filled/QuestionmarkApp.kt,31,common source,common source
cupertino-icons-extended,public val CupertinoIcons.Filled.QuestionmarkCircle: ImageVector,cupertino-icons-extended/src/commonMain/kotlin/io/github/alexzhirkevich/cupertino/icons/filled/QuestionmarkCircle.kt,31,common source,common source
cupertino-icons-extended,public val CupertinoIcons.Filled.QuestionmarkFolder: ImageVector,cupertino-icons-extended/src/commonMain/kotlin/io/github/alexzhirkevich/cupertino/icons/filled/QuestionmarkFolder.kt,31,common source,common source
cupertino-icons-extended,public val CupertinoIcons.Filled.QuestionmarkSquare: ImageVector,cupertino-icons-extended/src/commonMain/kotlin/io/github/alexzhirkevich/cupertino/icons/filled/QuestionmarkSquare.kt,31,common source,common source
cupertino-icons-extended,public val CupertinoIcons.Filled.RecordCircle: ImageVector,cupertino-icons-extended/src/commonMain/kotlin/io/github/alexzhirkevich/cupertino/icons/filled/RecordCircle.kt,31,common source,common source
cupertino-icons-extended,public val CupertinoIcons.Filled.RectangleStack: ImageVector,cupertino-icons-extended/src/commonMain/kotlin/io/github/alexzhirkevich/cupertino/icons/filled/RectangleStack.kt,31,common source,common source
cupertino-icons-extended,public val CupertinoIcons.Filled.RotateLeft: ImageVector,cupertino-icons-extended/src/commonMain/kotlin/io/github/alexzhirkevich/cupertino/icons/filled/RotateLeft.kt,34,common source,common source
cupertino-icons-extended,public val CupertinoIcons.Filled.RotateRight: ImageVector,cupertino-icons-extended/src/commonMain/kotlin/io/github/alexzhirkevich/cupertino/icons/filled/RotateRight.kt,34,common source,common source
cupertino-icons-extended,public val CupertinoIcons.Filled.Ruler: ImageVector,cupertino-icons-extended/src/commonMain/kotlin/io/github/alexzhirkevich/cupertino/icons/filled/Ruler.kt,31,common source,common source
cupertino-icons-extended,public val CupertinoIcons.Filled.Safari: ImageVector,cupertino-icons-extended/src/commonMain/kotlin/io/github/alexzhirkevich/cupertino/icons/filled/Safari.kt,31,common source,common source
cupertino-icons-extended,public val CupertinoIcons.Filled.Scalemass: ImageVector,cupertino-icons-extended/src/commonMain/kotlin/io/github/alexzhirkevich/cupertino/icons/filled/Scalemass.kt,31,common source,common source
cupertino-icons-extended,public val CupertinoIcons.Filled.Scroll: ImageVector,cupertino-icons-extended/src/commonMain/kotlin/io/github/alexzhirkevich/cupertino/icons/filled/Scroll.kt,31,common source,common source
cupertino-icons-extended,public val CupertinoIcons.Filled.ShazamLogo: ImageVector,cupertino-icons-extended/src/commonMain/kotlin/io/github/alexzhirkevich/cupertino/icons/filled/ShazamLogo.kt,31,common source,common source
cupertino-icons-extended,public val CupertinoIcons.Filled.Shield: ImageVector,cupertino-icons-extended/src/commonMain/kotlin/io/github/alexzhirkevich/cupertino/icons/filled/Shield.kt,31,common source,common source
cupertino-icons-extended,public val CupertinoIcons.Filled.ShieldLefthalfed: ImageVector,cupertino-icons-extended/src/commonMain/kotlin/io/github/alexzhirkevich/cupertino/icons/filled/ShieldLefthalfed.kt,31,common source,common source
cupertino-icons-extended,public val CupertinoIcons.Filled.ShieldRighthalfed: ImageVector,cupertino-icons-extended/src/commonMain/kotlin/io/github/alexzhirkevich/cupertino/icons/filled/ShieldRighthalfed.kt,31,common source,common source
cupertino-icons-extended,public val CupertinoIcons.Filled.ShieldSlash: ImageVector,cupertino-icons-extended/src/commonMain/kotlin/io/github/alexzhirkevich/cupertino/icons/filled/ShieldSlash.kt,34,common source,common source
cupertino-icons-extended,public val CupertinoIcons.Filled.Shippingbox: ImageVector,cupertino-icons-extended/src/commonMain/kotlin/io/github/alexzhirkevich/cupertino/icons/filled/Shippingbox.kt,31,common source,common source
cupertino-icons-extended,public val CupertinoIcons.Filled.Shoeprints: ImageVector,cupertino-icons-extended/src/commonMain/kotlin/io/github/alexzhirkevich/cupertino/icons/filled/Shoeprints.kt,31,common source,common source
cupertino-icons-extended,public val CupertinoIcons.Filled.Simcard: ImageVector,cupertino-icons-extended/src/commonMain/kotlin/io/github/alexzhirkevich/cupertino/icons/filled/Simcard.kt,31,common source,common source
cupertino-icons-extended,public val CupertinoIcons.Filled.SmallcircleedCircle: ImageVector,cupertino-icons-extended/src/commonMain/kotlin/io/github/alexzhirkevich/cupertino/icons/filled/SmallcircleedCircle.kt,34,common source,common source
cupertino-icons-extended,public val CupertinoIcons.Filled.Speaker: ImageVector,cupertino-icons-extended/src/commonMain/kotlin/io/github/alexzhirkevich/cupertino/icons/filled/Speaker.kt,31,common source,common source
cupertino-icons-extended,public val CupertinoIcons.Filled.SpeakerMinus: ImageVector,cupertino-icons-extended/src/commonMain/kotlin/io/github/alexzhirkevich/cupertino/icons/filled/SpeakerMinus.kt,34,common source,common source
cupertino-icons-extended,public val CupertinoIcons.Filled.SpeakerPlus: ImageVector,cupertino-icons-extended/src/commonMain/kotlin/io/github/alexzhirkevich/cupertino/icons/filled/SpeakerPlus.kt,34,common source,common source
cupertino-icons-extended,public val CupertinoIcons.Filled.SpeakerSlash: ImageVector,cupertino-icons-extended/src/commonMain/kotlin/io/github/alexzhirkevich/cupertino/icons/filled/SpeakerSlash.kt,34,common source,common source
cupertino-icons-extended,public val CupertinoIcons.Filled.SpeakerWave2: ImageVector,cupertino-icons-extended/src/commonMain/kotlin/io/github/alexzhirkevich/cupertino/icons/filled/SpeakerWave2.kt,34,common source,common source
cupertino-icons-extended,public val CupertinoIcons.Filled.SquareBottomthirdInseted: ImageVector,cupertino-icons-extended/src/commonMain/kotlin/io/github/alexzhirkevich/cupertino/icons/filled/SquareBottomthirdInseted.kt,34,common source,common source
cupertino-icons-extended,public val CupertinoIcons.Filled.SquareOnSquare: ImageVector,cupertino-icons-extended/src/commonMain/kotlin/io/github/alexzhirkevich/cupertino/icons/filled/SquareOnSquare.kt,34,common source,common source
cupertino-icons-extended,public val CupertinoIcons.Filled.SquareSplit1x2: ImageVector,cupertino-icons-extended/src/commonMain/kotlin/io/github/alexzhirkevich/cupertino/icons/filled/SquareSplit1x2.kt,31,common source,common source
cupertino-icons-extended,public val CupertinoIcons.Filled.SquareSplit2x1: ImageVector,cupertino-icons-extended/src/commonMain/kotlin/io/github/alexzhirkevich/cupertino/icons/filled/SquareSplit2x1.kt,31,common source,common source
cupertino-icons-extended,public val CupertinoIcons.Filled.SquareStack: ImageVector,cupertino-icons-extended/src/commonMain/kotlin/io/github/alexzhirkevich/cupertino/icons/filled/SquareStack.kt,31,common source,common source
cupertino-icons-extended,public val CupertinoIcons.Filled.SquareStack3dUp: ImageVector,cupertino-icons-extended/src/commonMain/kotlin/io/github/alexzhirkevich/cupertino/icons/filled/SquareStack3dUp.kt,34,common source,common source
cupertino-icons-extended,public val CupertinoIcons.Filled.SquareTopthirdInseted: ImageVector,cupertino-icons-extended/src/commonMain/kotlin/io/github/alexzhirkevich/cupertino/icons/filled/SquareTopthirdInseted.kt,34,common source,common source
cupertino-icons-extended,public val CupertinoIcons.Filled.StarLeadinghalfed: ImageVector,cupertino-icons-extended/src/commonMain/kotlin/io/github/alexzhirkevich/cupertino/icons/filled/StarLeadinghalfed.kt,31,common source,common source
cupertino-icons-extended,public val CupertinoIcons.Filled.StarSlash: ImageVector,cupertino-icons-extended/src/commonMain/kotlin/io/github/alexzhirkevich/cupertino/icons/filled/StarSlash.kt,34,common source,common source
cupertino-icons-extended,public val CupertinoIcons.Filled.Staroflife: ImageVector,cupertino-icons-extended/src/commonMain/kotlin/io/github/alexzhirkevich/cupertino/icons/filled/Staroflife.kt,31,common source,common source
cupertino-icons-extended,public val CupertinoIcons.Filled.Stop: ImageVector,cupertino-icons-extended/src/commonMain/kotlin/io/github/alexzhirkevich/cupertino/icons/filled/Stop.kt,31,common source,common source
cupertino-icons-extended,public val CupertinoIcons.Filled.StopCircle: ImageVector,cupertino-icons-extended/src/commonMain/kotlin/io/github/alexzhirkevich/cupertino/icons/filled/StopCircle.kt,31,common source,common source
cupertino-icons-extended,public val CupertinoIcons.Filled.Suitcase: ImageVector,cupertino-icons-extended/src/commonMain/kotlin/io/github/alexzhirkevich/cupertino/icons/filled/Suitcase.kt,31,common source,common source
cupertino-icons-extended,public val CupertinoIcons.Filled.SunMax: ImageVector,cupertino-icons-extended/src/commonMain/kotlin/io/github/alexzhirkevich/cupertino/icons/filled/SunMax.kt,31,common source,common source
cupertino-icons-extended,public val CupertinoIcons.Filled.Tag: ImageVector,cupertino-icons-extended/src/commonMain/kotlin/io/github/alexzhirkevich/cupertino/icons/filled/Tag.kt,31,common source,common source
cupertino-icons-extended,public val CupertinoIcons.Filled.Terminal: ImageVector,cupertino-icons-extended/src/commonMain/kotlin/io/github/alexzhirkevich/cupertino/icons/filled/Terminal.kt,31,common source,common source
cupertino-icons-extended,public val CupertinoIcons.Filled.TextBubble: ImageVector,cupertino-icons-extended/src/commonMain/kotlin/io/github/alexzhirkevich/cupertino/icons/filled/TextBubble.kt,31,common source,common source
cupertino-icons-extended,public val CupertinoIcons.Filled.Theatermasks: ImageVector,cupertino-icons-extended/src/commonMain/kotlin/io/github/alexzhirkevich/cupertino/icons/filled/Theatermasks.kt,34,common source,common source
cupertino-icons-extended,public val CupertinoIcons.Filled.TrashSlash: ImageVector,cupertino-icons-extended/src/commonMain/kotlin/io/github/alexzhirkevich/cupertino/icons/filled/TrashSlash.kt,34,common source,common source
cupertino-icons-extended,public val CupertinoIcons.Filled.TrayAndArrowDown: ImageVector,cupertino-icons-extended/src/commonMain/kotlin/io/github/alexzhirkevich/cupertino/icons/filled/TrayAndArrowDown.kt,34,common source,common source
cupertino-icons-extended,public val CupertinoIcons.Filled.TrayAndArrowUp: ImageVector,cupertino-icons-extended/src/commonMain/kotlin/io/github/alexzhirkevich/cupertino/icons/filled/TrayAndArrowUp.kt,34,common source,common source
cupertino-icons-extended,public val CupertinoIcons.Filled.Trophy: ImageVector,cupertino-icons-extended/src/commonMain/kotlin/io/github/alexzhirkevich/cupertino/icons/filled/Trophy.kt,31,common source,common source
cupertino-icons-extended,public val CupertinoIcons.Filled.Tshirt: ImageVector,cupertino-icons-extended/src/commonMain/kotlin/io/github/alexzhirkevich/cupertino/icons/filled/Tshirt.kt,31,common source,common source
cupertino-icons-extended,public val CupertinoIcons.Filled.Tv: ImageVector,cupertino-icons-extended/src/commonMain/kotlin/io/github/alexzhirkevich/cupertino/icons/filled/Tv.kt,31,common source,common source
cupertino-icons-extended,public val CupertinoIcons.Filled.TvAndHifispeaker: ImageVector,cupertino-icons-extended/src/commonMain/kotlin/io/github/alexzhirkevich/cupertino/icons/filled/TvAndHifispeaker.kt,34,common source,common source
cupertino-icons-extended,public val CupertinoIcons.Filled.Umbrella: ImageVector,cupertino-icons-extended/src/commonMain/kotlin/io/github/alexzhirkevich/cupertino/icons/filled/Umbrella.kt,31,common source,common source
cupertino-icons-extended,public val CupertinoIcons.Filled.Video: ImageVector,cupertino-icons-extended/src/commonMain/kotlin/io/github/alexzhirkevich/cupertino/icons/filled/Video.kt,31,common source,common source
cupertino-icons-extended,public val CupertinoIcons.Filled.VideoCircle: ImageVector,cupertino-icons-extended/src/commonMain/kotlin/io/github/alexzhirkevich/cupertino/icons/filled/VideoCircle.kt,31,common source,common source
cupertino-icons-extended,public val CupertinoIcons.Filled.VideoSlash: ImageVector,cupertino-icons-extended/src/commonMain/kotlin/io/github/alexzhirkevich/cupertino/icons/filled/VideoSlash.kt,34,common source,common source
cupertino-icons-extended,public val CupertinoIcons.Filled.Volleyball: ImageVector,cupertino-icons-extended/src/commonMain/kotlin/io/github/alexzhirkevich/cupertino/icons/filled/Volleyball.kt,31,common source,common source
cupertino-icons-extended,public val CupertinoIcons.Filled.WalletPass: ImageVector,cupertino-icons-extended/src/commonMain/kotlin/io/github/alexzhirkevich/cupertino/icons/filled/WalletPass.kt,31,common source,common source
cupertino-icons-extended,public val CupertinoIcons.Filled.WebCamera: ImageVector,cupertino-icons-extended/src/commonMain/kotlin/io/github/alexzhirkevich/cupertino/icons/filled/WebCamera.kt,31,common source,common source
cupertino-icons-extended,public val CupertinoIcons.Filled.WifiRouter: ImageVector,cupertino-icons-extended/src/commonMain/kotlin/io/github/alexzhirkevich/cupertino/icons/filled/WifiRouter.kt,34,common source,common source
cupertino-icons-extended,public val CupertinoIcons.Filled.Wineglass: ImageVector,cupertino-icons-extended/src/commonMain/kotlin/io/github/alexzhirkevich/cupertino/icons/filled/Wineglass.kt,31,common source,common source
cupertino-icons-extended,public val CupertinoIcons.Filled.XmarkApp: ImageVector,cupertino-icons-extended/src/commonMain/kotlin/io/github/alexzhirkevich/cupertino/icons/filled/XmarkApp.kt,31,common source,common source
cupertino-icons-extended,public val CupertinoIcons.Filled.XmarkBin: ImageVector,cupertino-icons-extended/src/commonMain/kotlin/io/github/alexzhirkevich/cupertino/icons/filled/XmarkBin.kt,31,common source,common source
cupertino-icons-extended,public val CupertinoIcons.Filled.XmarkIcloud: ImageVector,cupertino-icons-extended/src/commonMain/kotlin/io/github/alexzhirkevich/cupertino/icons/filled/XmarkIcloud.kt,31,common source,common source
cupertino-icons-extended,public val CupertinoIcons.Filled.XmarkSeal: ImageVector,cupertino-icons-extended/src/commonMain/kotlin/io/github/alexzhirkevich/cupertino/icons/filled/XmarkSeal.kt,31,common source,common source
cupertino-icons-extended,public val CupertinoIcons.Filled.XmarkShield: ImageVector,cupertino-icons-extended/src/commonMain/kotlin/io/github/alexzhirkevich/cupertino/icons/filled/XmarkShield.kt,31,common source,common source
cupertino-icons-extended,public val CupertinoIcons.Filled._4kTv: ImageVector,cupertino-icons-extended/src/commonMain/kotlin/io/github/alexzhirkevich/cupertino/icons/filled/_4kTv.kt,34,common source,common source
cupertino-icons-extended,public val CupertinoIcons.Outlined.Airplane: ImageVector,cupertino-icons-extended/src/commonMain/kotlin/io/github/alexzhirkevich/cupertino/icons/outlined/Airplane.kt,31,common source,common source
cupertino-icons-extended,public val CupertinoIcons.Outlined.AirplaneArrival: ImageVector,cupertino-icons-extended/src/commonMain/kotlin/io/github/alexzhirkevich/cupertino/icons/outlined/AirplaneArrival.kt,34,common source,common source
cupertino-icons-extended,public val CupertinoIcons.Outlined.AirplaneDeparture: ImageVector,cupertino-icons-extended/src/commonMain/kotlin/io/github/alexzhirkevich/cupertino/icons/outlined/AirplaneDeparture.kt,34,common source,common source
cupertino-icons-extended,public val CupertinoIcons.Outlined.Airplayaudio: ImageVector,cupertino-icons-extended/src/commonMain/kotlin/io/github/alexzhirkevich/cupertino/icons/outlined/Airplayaudio.kt,34,common source,common source
cupertino-icons-extended,public val CupertinoIcons.Outlined.Airpods: ImageVector,cupertino-icons-extended/src/commonMain/kotlin/io/github/alexzhirkevich/cupertino/icons/outlined/Airpods.kt,31,common source,common source
cupertino-icons-extended,public val CupertinoIcons.Outlined.AirpodsGen3: ImageVector,cupertino-icons-extended/src/commonMain/kotlin/io/github/alexzhirkevich/cupertino/icons/outlined/AirpodsGen3.kt,31,common source,common source
cupertino-icons-extended,public val CupertinoIcons.Outlined.Airpodsmax: ImageVector,cupertino-icons-extended/src/commonMain/kotlin/io/github/alexzhirkevich/cupertino/icons/outlined/Airpodsmax.kt,34,common source,common source
cupertino-icons-extended,public val CupertinoIcons.Outlined.Airpodspro: ImageVector,cupertino-icons-extended/src/commonMain/kotlin/io/github/alexzhirkevich/cupertino/icons/outlined/Airpodspro.kt,34,common source,common source
cupertino-icons-extended,public val CupertinoIcons.Outlined.Airtag: ImageVector,cupertino-icons-extended/src/commonMain/kotlin/io/github/alexzhirkevich/cupertino/icons/outlined/Airtag.kt,31,common source,common source
cupertino-icons-extended,public val CupertinoIcons.Outlined.Alarm: ImageVector,cupertino-icons-extended/src/commonMain/kotlin/io/github/alexzhirkevich/cupertino/icons/outlined/Alarm.kt,34,common source,common source
cupertino-icons-extended,public val CupertinoIcons.Outlined.Alt: ImageVector,cupertino-icons-extended/src/commonMain/kotlin/io/github/alexzhirkevich/cupertino/icons/outlined/Alt.kt,31,common source,common source
cupertino-icons-extended,public val CupertinoIcons.Outlined.Angle: ImageVector,cupertino-icons-extended/src/commonMain/kotlin/io/github/alexzhirkevich/cupertino/icons/outlined/Angle.kt,31,common source,common source
cupertino-icons-extended,public val CupertinoIcons.Outlined.AntennaRadiowavesLeftAndRight: ImageVector,cupertino-icons-extended/src/commonMain/kotlin/io/github/alexzhirkevich/cupertino/icons/outlined/AntennaRadiowavesLeftAndRight.kt,34,common source,common source
cupertino-icons-extended,public val CupertinoIcons.Outlined.AntennaRadiowavesLeftAndRightSlash: ImageVector,cupertino-icons-extended/src/commonMain/kotlin/io/github/alexzhirkevich/cupertino/icons/outlined/AntennaRadiowavesLeftAndRightSlash.kt,34,common source,common source
cupertino-icons-extended,public val CupertinoIcons.Outlined.AppleLogo: ImageVector,cupertino-icons-extended/src/commonMain/kotlin/io/github/alexzhirkevich/cupertino/icons/outlined/AppleLogo.kt,31,common source,common source
cupertino-icons-extended,public val CupertinoIcons.Outlined.Applepencil: ImageVector,cupertino-icons-extended/src/commonMain/kotlin/io/github/alexzhirkevich/cupertino/icons/outlined/Applepencil.kt,31,common source,common source
cupertino-icons-extended,public val CupertinoIcons.Outlined.Appletv: ImageVector,cupertino-icons-extended/src/commonMain/kotlin/io/github/alexzhirkevich/cupertino/icons/outlined/Appletv.kt,34,common source,common source
cupertino-icons-extended,public val CupertinoIcons.Outlined.Applewatch: ImageVector,cupertino-icons-extended/src/commonMain/kotlin/io/github/alexzhirkevich/cupertino/icons/outlined/Applewatch.kt,31,common source,common source
cupertino-icons-extended,public val CupertinoIcons.Outlined.ApplewatchRadiowavesLeftAndRight: ImageVector,cupertino-icons-extended/src/commonMain/kotlin/io/github/alexzhirkevich/cupertino/icons/outlined/ApplewatchRadiowavesLeftAndRight.kt,34,common source,common source
cupertino-icons-extended,public val CupertinoIcons.Outlined.ApplewatchWatchface: ImageVector,cupertino-icons-extended/src/commonMain/kotlin/io/github/alexzhirkevich/cupertino/icons/outlined/ApplewatchWatchface.kt,34,common source,common source
cupertino-icons-extended,public val CupertinoIcons.Outlined.Archivebox: ImageVector,cupertino-icons-extended/src/commonMain/kotlin/io/github/alexzhirkevich/cupertino/icons/outlined/Archivebox.kt,31,common source,common source
cupertino-icons-extended,public val CupertinoIcons.Outlined.Arrow3Trianglepath: ImageVector,cupertino-icons-extended/src/commonMain/kotlin/io/github/alexzhirkevich/cupertino/icons/outlined/Arrow3Trianglepath.kt,31,common source,common source
cupertino-icons-extended,public val CupertinoIcons.Outlined.ArrowCounterclockwise: ImageVector,cupertino-icons-extended/src/commonMain/kotlin/io/github/alexzhirkevich/cupertino/icons/outlined/ArrowCounterclockwise.kt,31,common source,common source
cupertino-icons-extended,public val CupertinoIcons.Outlined.ArrowCounterclockwiseIcloud: ImageVector,cupertino-icons-extended/src/commonMain/kotlin/io/github/alexzhirkevich/cupertino/icons/outlined/ArrowCounterclockwiseIcloud.kt,34,common source,common source
cupertino-icons-extended,public val CupertinoIcons.Outlined.ArrowDown: ImageVector,cupertino-icons-extended/src/commonMain/kotlin/io/github/alexzhirkevich/cupertino/icons/outlined/ArrowDown.kt,31,common source,common source
cupertino-icons-extended,public val CupertinoIcons.Outlined.ArrowDownAndLineHorizontalAndArrowUp: ImageVector,cupertino-icons-extended/src/commonMain/kotlin/io/github/alexzhirkevich/cupertino/icons/outlined/ArrowDownAndLineHorizontalAndArrowUp.kt,31,common source,common source
cupertino-icons-extended,public val CupertinoIcons.Outlined.ArrowDownCircle: ImageVector,cupertino-icons-extended/src/commonMain/kotlin/io/github/alexzhirkevich/cupertino/icons/outlined/ArrowDownCircle.kt,34,common source,common source
cupertino-icons-extended,public val CupertinoIcons.Outlined.ArrowDownDoc: ImageVector,cupertino-icons-extended/src/commonMain/kotlin/io/github/alexzhirkevich/cupertino/icons/outlined/ArrowDownDoc.kt,34,common source,common source
cupertino-icons-extended,public val CupertinoIcons.Outlined.ArrowDownRightAndArrowUpLeft: ImageVector,cupertino-icons-extended/src/commonMain/kotlin/io/github/alexzhirkevich/cupertino/icons/outlined/ArrowDownRightAndArrowUpLeft.kt,31,common source,common source
cupertino-icons-extended,public val CupertinoIcons.Outlined.ArrowDownToLine: ImageVector,cupertino-icons-extended/src/commonMain/kotlin/io/github/alexzhirkevich/cupertino/icons/outlined/ArrowDownToLine.kt,31,common source,common source
cupertino-icons-extended,public val CupertinoIcons.Outlined.ArrowLeftAndRight: ImageVector,cupertino-icons-extended/src/commonMain/kotlin/io/github/alexzhirkevich/cupertino/icons/outlined/ArrowLeftAndRight.kt,31,common source,common source
cupertino-icons-extended,public val CupertinoIcons.Outlined.ArrowLeftArrowRight: ImageVector,cupertino-icons-extended/src/commonMain/kotlin/io/github/alexzhirkevich/cupertino/icons/outlined/ArrowLeftArrowRight.kt,31,common source,common source
cupertino-icons-extended,public val CupertinoIcons.Outlined.ArrowTriangle2Circlepath: ImageVector,cupertino-icons-extended/src/commonMain/kotlin/io/github/alexzhirkevich/cupertino/icons/outlined/ArrowTriangle2Circlepath.kt,31,common source,common source
cupertino-icons-extended,public val CupertinoIcons.Outlined.ArrowTriangle2CirclepathCamera: ImageVector,cupertino-icons-extended/src/commonMain/kotlin/io/github/alexzhirkevich/cupertino/icons/outlined/ArrowTriangle2CirclepathCamera.kt,34,common source,common source
cupertino-icons-extended,public val CupertinoIcons.Outlined.ArrowTriangleBranch: ImageVector,cupertino-icons-extended/src/commonMain/kotlin/io/github/alexzhirkevich/cupertino/icons/outlined/ArrowTriangleBranch.kt,31,common source,common source
cupertino-icons-extended,public val CupertinoIcons.Outlined.ArrowTurnDownLeft: ImageVector,cupertino-icons-extended/src/commonMain/kotlin/io/github/alexzhirkevich/cupertino/icons/outlined/ArrowTurnDownLeft.kt,31,common source,common source
cupertino-icons-extended,public val CupertinoIcons.Outlined.ArrowTurnDownRight: ImageVector,cupertino-icons-extended/src/commonMain/kotlin/io/github/alexzhirkevich/cupertino/icons/outlined/ArrowTurnDownRight.kt,31,common source,common source
cupertino-icons-extended,public val CupertinoIcons.Outlined.ArrowTurnRightUp: ImageVector,cupertino-icons-extended/src/commonMain/kotlin/io/github/alexzhirkevich/cupertino/icons/outlined/ArrowTurnRightUp.kt,31,common source,common source
cupertino-icons-extended,public val CupertinoIcons.Outlined.ArrowTurnUpForwardIphone: ImageVector,cupertino-icons-extended/src/commonMain/kotlin/io/github/alexzhirkevich/cupertino/icons/outlined/ArrowTurnUpForwardIphone.kt,34,common source,common source
cupertino-icons-extended,public val CupertinoIcons.Outlined.ArrowTurnUpLeft: ImageVector,cupertino-icons-extended/src/commonMain/kotlin/io/github/alexzhirkevich/cupertino/icons/outlined/ArrowTurnUpLeft.kt,31,common source,common source
cupertino-icons-extended,public val CupertinoIcons.Outlined.ArrowTurnUpRight: ImageVector,cupertino-icons-extended/src/commonMain/kotlin/io/github/alexzhirkevich/cupertino/icons/outlined/ArrowTurnUpRight.kt,31,common source,common source
cupertino-icons-extended,public val CupertinoIcons.Outlined.ArrowUpAndDown: ImageVector,cupertino-icons-extended/src/commonMain/kotlin/io/github/alexzhirkevich/cupertino/icons/outlined/ArrowUpAndDown.kt,31,common source,common source
cupertino-icons-extended,public val CupertinoIcons.Outlined.ArrowUpArrowDown: ImageVector,cupertino-icons-extended/src/commonMain/kotlin/io/github/alexzhirkevich/cupertino/icons/outlined/ArrowUpArrowDown.kt,31,common source,common source
cupertino-icons-extended,public val CupertinoIcons.Outlined.ArrowUpDoc: ImageVector,cupertino-icons-extended/src/commonMain/kotlin/io/github/alexzhirkevich/cupertino/icons/outlined/ArrowUpDoc.kt,34,common source,common source
cupertino-icons-extended,public val CupertinoIcons.Outlined.ArrowUpLeftAndArrowDownRight: ImageVector,cupertino-icons-extended/src/commonMain/kotlin/io/github/alexzhirkevich/cupertino/icons/outlined/ArrowUpLeftAndArrowDownRight.kt,31,common source,common source
cupertino-icons-extended,public val CupertinoIcons.Outlined.ArrowshapeTurnUpLeft: ImageVector,cupertino-icons-extended/src/commonMain/kotlin/io/github/alexzhirkevich/cupertino/icons/outlined/ArrowshapeTurnUpLeft.kt,31,common source,common source
cupertino-icons-extended,public val CupertinoIcons.Outlined.ArrowshapeTurnUpLeft2: ImageVector,cupertino-icons-extended/src/commonMain/kotlin/io/github/alexzhirkevich/cupertino/icons/outlined/ArrowshapeTurnUpLeft2.kt,31,common source,common source
cupertino-icons-extended,public val CupertinoIcons.Outlined.At: ImageVector,cupertino-icons-extended/src/commonMain/kotlin/io/github/alexzhirkevich/cupertino/icons/outlined/At.kt,31,common source,common source
cupertino-icons-extended,public val CupertinoIcons.Outlined.Backward: ImageVector,cupertino-icons-extended/src/commonMain/kotlin/io/github/alexzhirkevich/cupertino/icons/outlined/Backward.kt,31,common source,common source
cupertino-icons-extended,public val CupertinoIcons.Outlined.BackwardEnd: ImageVector,cupertino-icons-extended/src/commonMain/kotlin/io/github/alexzhirkevich/cupertino/icons/outlined/BackwardEnd.kt,31,common source,common source
cupertino-icons-extended,public val CupertinoIcons.Outlined.Bag: ImageVector,cupertino-icons-extended/src/commonMain/kotlin/io/github/alexzhirkevich/cupertino/icons/outlined/Bag.kt,31,common source,common source
cupertino-icons-extended,public val CupertinoIcons.Outlined.BagBadgeMinus: ImageVector,cupertino-icons-extended/src/commonMain/kotlin/io/github/alexzhirkevich/cupertino/icons/outlined/BagBadgeMinus.kt,34,common source,common source
cupertino-icons-extended,public val CupertinoIcons.Outlined.BagBadgePlus: ImageVector,cupertino-icons-extended/src/commonMain/kotlin/io/github/alexzhirkevich/cupertino/icons/outlined/BagBadgePlus.kt,34,common source,common source
cupertino-icons-extended,public val CupertinoIcons.Outlined.Balloon: ImageVector,cupertino-icons-extended/src/commonMain/kotlin/io/github/alexzhirkevich/cupertino/icons/outlined/Balloon.kt,31,common source,common source
cupertino-icons-extended,public val CupertinoIcons.Outlined.Bandage: ImageVector,cupertino-icons-extended/src/commonMain/kotlin/io/github/alexzhirkevich/cupertino/icons/outlined/Bandage.kt,34,common source,common source
cupertino-icons-extended,public val CupertinoIcons.Outlined.Banknote: ImageVector,cupertino-icons-extended/src/commonMain/kotlin/io/github/alexzhirkevich/cupertino/icons/outlined/Banknote.kt,34,common source,common source
cupertino-icons-extended,public val CupertinoIcons.Outlined.Barcode: ImageVector,cupertino-icons-extended/src/commonMain/kotlin/io/github/alexzhirkevich/cupertino/icons/outlined/Barcode.kt,31,common source,common source
cupertino-icons-extended,public val CupertinoIcons.Outlined.BarcodeViewfinder: ImageVector,cupertino-icons-extended/src/commonMain/kotlin/io/github/alexzhirkevich/cupertino/icons/outlined/BarcodeViewfinder.kt,34,common source,common source
cupertino-icons-extended,public val CupertinoIcons.Outlined.Baseball: ImageVector,cupertino-icons-extended/src/commonMain/kotlin/io/github/alexzhirkevich/cupertino/icons/outlined/Baseball.kt,31,common source,common source
cupertino-icons-extended,public val CupertinoIcons.Outlined.Basket: ImageVector,cupertino-icons-extended/src/commonMain/kotlin/io/github/alexzhirkevich/cupertino/icons/outlined/Basket.kt,31,common source,common source
cupertino-icons-extended,public val CupertinoIcons.Outlined.Basketball: ImageVector,cupertino-icons-extended/src/commonMain/kotlin/io/github/alexzhirkevich/cupertino/icons/outlined/Basketball.kt,31,common source,common source
cupertino-icons-extended,public val CupertinoIcons.Outlined.Battery100: ImageVector,cupertino-icons-extended/src/commonMain/kotlin/io/github/alexzhirkevich/cupertino/icons/outlined/Battery100.kt,34,common source,common source
cupertino-icons-extended,public val CupertinoIcons.Outlined.BedDouble: ImageVector,cupertino-icons-extended/src/commonMain/kotlin/io/github/alexzhirkevich/cupertino/icons/outlined/BedDouble.kt,31,common source,common source
cupertino-icons-extended,public val CupertinoIcons.Outlined.BellAndWavesLeftAndRight: ImageVector,cupertino-icons-extended/src/commonMain/kotlin/io/github/alexzhirkevich/cupertino/icons/outlined/BellAndWavesLeftAndRight.kt,34,common source,common source
cupertino-icons-extended,public val CupertinoIcons.Outlined.BellBadge: ImageVector,cupertino-icons-extended/src/commonMain/kotlin/io/github/alexzhirkevich/cupertino/icons/outlined/BellBadge.kt,34,common source,common source
cupertino-icons-extended,public val CupertinoIcons.Outlined.BellCircle: ImageVector,cupertino-icons-extended/src/commonMain/kotlin/io/github/alexzhirkevich/cupertino/icons/outlined/BellCircle.kt,34,common source,common source
cupertino-icons-extended,public val CupertinoIcons.Outlined.BellSlash: ImageVector,cupertino-icons-extended/src/commonMain/kotlin/io/github/alexzhirkevich/cupertino/icons/outlined/BellSlash.kt,34,common source,common source
cupertino-icons-extended,public val CupertinoIcons.Outlined.Bicycle: ImageVector,cupertino-icons-extended/src/commonMain/kotlin/io/github/alexzhirkevich/cupertino/icons/outlined/Bicycle.kt,31,common source,common source
cupertino-icons-extended,public val CupertinoIcons.Outlined.Binoculars: ImageVector,cupertino-icons-extended/src/commonMain/kotlin/io/github/alexzhirkevich/cupertino/icons/outlined/Binoculars.kt,31,common source,common source
cupertino-icons-extended,public val CupertinoIcons.Outlined.BirthdayCake: ImageVector,cupertino-icons-extended/src/commonMain/kotlin/io/github/alexzhirkevich/cupertino/icons/outlined/BirthdayCake.kt,31,common source,common source
cupertino-icons-extended,public val CupertinoIcons.Outlined.Bitcoinsign: ImageVector,cupertino-icons-extended/src/commonMain/kotlin/io/github/alexzhirkevich/cupertino/icons/outlined/Bitcoinsign.kt,31,common source,common source
cupertino-icons-extended,public val CupertinoIcons.Outlined.Bolt: ImageVector,cupertino-icons-extended/src/commonMain/kotlin/io/github/alexzhirkevich/cupertino/icons/outlined/Bolt.kt,31,common source,common source
cupertino-icons-extended,public val CupertinoIcons.Outlined.BoltHorizontal: ImageVector,cupertino-icons-extended/src/commonMain/kotlin/io/github/alexzhirkevich/cupertino/icons/outlined/BoltHorizontal.kt,31,common source,common source
cupertino-icons-extended,public val CupertinoIcons.Outlined.BoltSlash: ImageVector,cupertino-icons-extended/src/commonMain/kotlin/io/github/alexzhirkevich/cupertino/icons/outlined/BoltSlash.kt,34,common source,common source
cupertino-icons-extended,public val CupertinoIcons.Outlined.Book: ImageVector,cupertino-icons-extended/src/commonMain/kotlin/io/github/alexzhirkevich/cupertino/icons/outlined/Book.kt,31,common source,common source
cupertino-icons-extended,public val CupertinoIcons.Outlined.BookCircle: ImageVector,cupertino-icons-extended/src/commonMain/kotlin/io/github/alexzhirkevich/cupertino/icons/outlined/BookCircle.kt,34,common source,common source
cupertino-icons-extended,public val CupertinoIcons.Outlined.BookClosed: ImageVector,cupertino-icons-extended/src/commonMain/kotlin/io/github/alexzhirkevich/cupertino/icons/outlined/BookClosed.kt,31,common source,common source
cupertino-icons-extended,public val CupertinoIcons.Outlined.Bookmark: ImageVector,cupertino-icons-extended/src/commonMain/kotlin/io/github/alexzhirkevich/cupertino/icons/outlined/Bookmark.kt,31,common source,common source
cupertino-icons-extended,public val CupertinoIcons.Outlined.BookmarkSlash: ImageVector,cupertino-icons-extended/src/commonMain/kotlin/io/github/alexzhirkevich/cupertino/icons/outlined/BookmarkSlash.kt,34,common source,common source
cupertino-icons-extended,public val CupertinoIcons.Outlined.Brain: ImageVector,cupertino-icons-extended/src/commonMain/kotlin/io/github/alexzhirkevich/cupertino/icons/outlined/Brain.kt,31,common source,common source
cupertino-icons-extended,public val CupertinoIcons.Outlined.BrainHeadProfile: ImageVector,cupertino-icons-extended/src/commonMain/kotlin/io/github/alexzhirkevich/cupertino/icons/outlined/BrainHeadProfile.kt,34,common source,common source
cupertino-icons-extended,public val CupertinoIcons.Outlined.Briefcase: ImageVector,cupertino-icons-extended/src/commonMain/kotlin/io/github/alexzhirkevich/cupertino/icons/outlined/Briefcase.kt,31,common source,common source
cupertino-icons-extended,public val CupertinoIcons.Outlined.BubbleLeft: ImageVector,cupertino-icons-extended/src/commonMain/kotlin/io/github/alexzhirkevich/cupertino/icons/outlined/BubbleLeft.kt,31,common source,common source
cupertino-icons-extended,public val CupertinoIcons.Outlined.BubbleRight: ImageVector,cupertino-icons-extended/src/commonMain/kotlin/io/github/alexzhirkevich/cupertino/icons/outlined/BubbleRight.kt,31,common source,common source
cupertino-icons-extended,public val CupertinoIcons.Outlined.Building: ImageVector,cupertino-icons-extended/src/commonMain/kotlin/io/github/alexzhirkevich/cupertino/icons/outlined/Building.kt,31,common source,common source
cupertino-icons-extended,public val CupertinoIcons.Outlined.Building2: ImageVector,cupertino-icons-extended/src/commonMain/kotlin/io/github/alexzhirkevich/cupertino/icons/outlined/Building2.kt,34,common source,common source
cupertino-icons-extended,public val CupertinoIcons.Outlined.Burn: ImageVector,cupertino-icons-extended/src/commonMain/kotlin/io/github/alexzhirkevich/cupertino/icons/outlined/Burn.kt,31,common source,common source
cupertino-icons-extended,public val CupertinoIcons.Outlined.Burst: ImageVector,cupertino-icons-extended/src/commonMain/kotlin/io/github/alexzhirkevich/cupertino/icons/outlined/Burst.kt,31,common source,common source
cupertino-icons-extended,public val CupertinoIcons.Outlined.CableConnector: ImageVector,cupertino-icons-extended/src/commonMain/kotlin/io/github/alexzhirkevich/cupertino/icons/outlined/CableConnector.kt,34,common source,common source
cupertino-icons-extended,public val CupertinoIcons.Outlined.CableConnectorHorizontal: ImageVector,cupertino-icons-extended/src/commonMain/kotlin/io/github/alexzhirkevich/cupertino/icons/outlined/CableConnectorHorizontal.kt,34,common source,common source
cupertino-icons-extended,public val CupertinoIcons.Outlined.CalendarBadgePlus: ImageVector,cupertino-icons-extended/src/commonMain/kotlin/io/github/alexzhirkevich/cupertino/icons/outlined/CalendarBadgePlus.kt,34,common source,common source
cupertino-icons-extended,public val CupertinoIcons.Outlined.Camera: ImageVector,cupertino-icons-extended/src/commonMain/kotlin/io/github/alexzhirkevich/cupertino/icons/outlined/Camera.kt,31,common source,common source
cupertino-icons-extended,public val CupertinoIcons.Outlined.CameraCircle: ImageVector,cupertino-icons-extended/src/commonMain/kotlin/io/github/alexzhirkevich/cupertino/icons/outlined/CameraCircle.kt,34,common source,common source
cupertino-icons-extended,public val CupertinoIcons.Outlined.CameraFilters: ImageVector,cupertino-icons-extended/src/commonMain/kotlin/io/github/alexzhirkevich/cupertino/icons/outlined/CameraFilters.kt,34,common source,common source
cupertino-icons-extended,public val CupertinoIcons.Outlined.CameraViewfinder: ImageVector,cupertino-icons-extended/src/commonMain/kotlin/io/github/alexzhirkevich/cupertino/icons/outlined/CameraViewfinder.kt,34,common source,common source
cupertino-icons-extended,public val CupertinoIcons.Outlined.Candybarphone: ImageVector,cupertino-icons-extended/src/commonMain/kotlin/io/github/alexzhirkevich/cupertino/icons/outlined/Candybarphone.kt,31,common source,common source
cupertino-icons-extended,public val CupertinoIcons.Outlined.Capslock: ImageVector,cupertino-icons-extended/src/commonMain/kotlin/io/github/alexzhirkevich/cupertino/icons/outlined/Capslock.kt,31,common source,common source
cupertino-icons-extended,public val CupertinoIcons.Outlined.Car: ImageVector,cupertino-icons-extended/src/commonMain/kotlin/io/github/alexzhirkevich/cupertino/icons/outlined/Car.kt,31,common source,common source
cupertino-icons-extended,public val CupertinoIcons.Outlined.CartBadgeMinus: ImageVector,cupertino-icons-extended/src/commonMain/kotlin/io/github/alexzhirkevich/cupertino/icons/outlined/CartBadgeMinus.kt,34,common source,common source
cupertino-icons-extended,public val CupertinoIcons.Outlined.CartBadgePlus: ImageVector,cupertino-icons-extended/src/commonMain/kotlin/io/github/alexzhirkevich/cupertino/icons/outlined/CartBadgePlus.kt,34,common source,common source
cupertino-icons-extended,public val CupertinoIcons.Outlined.Case: ImageVector,cupertino-icons-extended/src/commonMain/kotlin/io/github/alexzhirkevich/cupertino/icons/outlined/Case.kt,31,common source,common source
cupertino-icons-extended,public val CupertinoIcons.Outlined.Centsign: ImageVector,cupertino-icons-extended/src/commonMain/kotlin/io/github/alexzhirkevich/cupertino/icons/outlined/Centsign.kt,31,common source,common source
cupertino-icons-extended,public val CupertinoIcons.Outlined.Character: ImageVector,cupertino-icons-extended/src/commonMain/kotlin/io/github/alexzhirkevich/cupertino/icons/outlined/Character.kt,31,common source,common source
cupertino-icons-extended,public val CupertinoIcons.Outlined.ChartBar: ImageVector,cupertino-icons-extended/src/commonMain/kotlin/io/github/alexzhirkevich/cupertino/icons/outlined/ChartBar.kt,34,common source,common source
cupertino-icons-extended,public val CupertinoIcons.Outlined.ChartLineDowntrendXyaxis: ImageVector,cupertino-icons-extended/src/commonMain/kotlin/io/github/alexzhirkevich/cupertino/icons/outlined/ChartLineDowntrendXyaxis.kt,34,common source,common source
cupertino-icons-extended,public val CupertinoIcons.Outlined.ChartLineUptrendXyaxis: ImageVector,cupertino-icons-extended/src/commonMain/kotlin/io/github/alexzhirkevich/cupertino/icons/outlined/ChartLineUptrendXyaxis.kt,34,common source,common source
cupertino-icons-extended,public val CupertinoIcons.Outlined.CheckerboardShield: ImageVector,cupertino-icons-extended/src/commonMain/kotlin/io/github/alexzhirkevich/cupertino/icons/outlined/CheckerboardShield.kt,31,common source,common source
cupertino-icons-extended,public val CupertinoIcons.Outlined.Checklist: ImageVector,cupertino-icons-extended/src/commonMain/kotlin/io/github/alexzhirkevich/cupertino/icons/outlined/Checklist.kt,34,common source,common source
cupertino-icons-extended,public val CupertinoIcons.Outlined.ChecklistChecked: ImageVector,cupertino-icons-extended/src/commonMain/kotlin/io/github/alexzhirkevich/cupertino/icons/outlined/ChecklistChecked.kt,34,common source,common source
cupertino-icons-extended,public val CupertinoIcons.Outlined.ChecklistUnchecked: ImageVector,cupertino-icons-extended/src/commonMain/kotlin/io/github/alexzhirkevich/cupertino/icons/outlined/ChecklistUnchecked.kt,34,common source,common source
cupertino-icons-extended,public val CupertinoIcons.Outlined.CheckmarkIcloud: ImageVector,cupertino-icons-extended/src/commonMain/kotlin/io/github/alexzhirkevich/cupertino/icons/outlined/CheckmarkIcloud.kt,34,common source,common source
cupertino-icons-extended,public val CupertinoIcons.Outlined.CheckmarkMessage: ImageVector,cupertino-icons-extended/src/commonMain/kotlin/io/github/alexzhirkevich/cupertino/icons/outlined/CheckmarkMessage.kt,34,common source,common source
cupertino-icons-extended,public val CupertinoIcons.Outlined.CheckmarkSeal: ImageVector,cupertino-icons-extended/src/commonMain/kotlin/io/github/alexzhirkevich/cupertino/icons/outlined/CheckmarkSeal.kt,34,common source,common source
cupertino-icons-extended,public val CupertinoIcons.Outlined.CheckmarkShield: ImageVector,cupertino-icons-extended/src/commonMain/kotlin/io/github/alexzhirkevich/cupertino/icons/outlined/CheckmarkShield.kt,34,common source,common source
cupertino-icons-extended,public val CupertinoIcons.Outlined.CheckmarkSquare: ImageVector,cupertino-icons-extended/src/commonMain/kotlin/io/github/alexzhirkevich/cupertino/icons/outlined/CheckmarkSquare.kt,34,common source,common source
cupertino-icons-extended,public val CupertinoIcons.Outlined.ChevronLeftForwardslashChevronRight: ImageVector,cupertino-icons-extended/src/commonMain/kotlin/io/github/alexzhirkevich/cupertino/icons/outlined/ChevronLeftForwardslashChevronRight.kt,31,common source,common source
cupertino-icons-extended,public val CupertinoIcons.Outlined.Clear: ImageVector,cupertino-icons-extended/src/commonMain/kotlin/io/github/alexzhirkevich/cupertino/icons/outlined/Clear.kt,34,common source,common source
cupertino-icons-extended,public val CupertinoIcons.Outlined.Clipboard: ImageVector,cupertino-icons-extended/src/commonMain/kotlin/io/github/alexzhirkevich/cupertino/icons/outlined/Clipboard.kt,31,common source,common source
cupertino-icons-extended,public val CupertinoIcons.Outlined.Clock: ImageVector,cupertino-icons-extended/src/commonMain/kotlin/io/github/alexzhirkevich/cupertino/icons/outlined/Clock.kt,34,common source,common source
cupertino-icons-extended,public val CupertinoIcons.Outlined.ClockArrowCirclepath: ImageVector,cupertino-icons-extended/src/commonMain/kotlin/io/github/alexzhirkevich/cupertino/icons/outlined/ClockArrowCirclepath.kt,34,common source,common source
cupertino-icons-extended,public val CupertinoIcons.Outlined.Cloud: ImageVector,cupertino-icons-extended/src/commonMain/kotlin/io/github/alexzhirkevich/cupertino/icons/outlined/Cloud.kt,31,common source,common source
cupertino-icons-extended,public val CupertinoIcons.Outlined.Command: ImageVector,cupertino-icons-extended/src/commonMain/kotlin/io/github/alexzhirkevich/cupertino/icons/outlined/Command.kt,31,common source,common source
cupertino-icons-extended,public val CupertinoIcons.Outlined.CompassDrawing: ImageVector,cupertino-icons-extended/src/commonMain/kotlin/io/github/alexzhirkevich/cupertino/icons/outlined/CompassDrawing.kt,31,common source,common source
cupertino-icons-extended,public val CupertinoIcons.Outlined.Cone: ImageVector,cupertino-icons-extended/src/commonMain/kotlin/io/github/alexzhirkevich/cupertino/icons/outlined/Cone.kt,31,common source,common source
cupertino-icons-extended,public val CupertinoIcons.Outlined.Cpu: ImageVector,cupertino-icons-extended/src/commonMain/kotlin/io/github/alexzhirkevich/cupertino/icons/outlined/Cpu.kt,31,common source,common source
cupertino-icons-extended,public val CupertinoIcons.Outlined.Creditcard: ImageVector,cupertino-icons-extended/src/commonMain/kotlin/io/github/alexzhirkevich/cupertino/icons/outlined/Creditcard.kt,31,common source,common source
cupertino-icons-extended,public val CupertinoIcons.Outlined.CreditcardTrianglebadgeExclamationmark: ImageVector,cupertino-icons-extended/src/commonMain/kotlin/io/github/alexzhirkevich/cupertino/icons/outlined/CreditcardTrianglebadgeExclamationmark.kt,34,common source,common source
cupertino-icons-extended,public val CupertinoIcons.Outlined.Crop: ImageVector,cupertino-icons-extended/src/commonMain/kotlin/io/github/alexzhirkevich/cupertino/icons/outlined/Crop.kt,31,common source,common source
cupertino-icons-extended,public val CupertinoIcons.Outlined.CropRotate: ImageVector,cupertino-icons-extended/src/commonMain/kotlin/io/github/alexzhirkevich/cupertino/icons/outlined/CropRotate.kt,34,common source,common source
cupertino-icons-extended,public val CupertinoIcons.Outlined.Cross: ImageVector,cupertino-icons-extended/src/commonMain/kotlin/io/github/alexzhirkevich/cupertino/icons/outlined/Cross.kt,31,common source,common source
cupertino-icons-extended,public val CupertinoIcons.Outlined.CrossCircle: ImageVector,cupertino-icons-extended/src/commonMain/kotlin/io/github/alexzhirkevich/cupertino/icons/outlined/CrossCircle.kt,34,common source,common source
cupertino-icons-extended,public val CupertinoIcons.Outlined.CrossVial: ImageVector,cupertino-icons-extended/src/commonMain/kotlin/io/github/alexzhirkevich/cupertino/icons/outlined/CrossVial.kt,34,common source,common source
cupertino-icons-extended,public val CupertinoIcons.Outlined.Crown: ImageVector,cupertino-icons-extended/src/commonMain/kotlin/io/github/alexzhirkevich/cupertino/icons/outlined/Crown.kt,31,common source,common source
cupertino-icons-extended,public val CupertinoIcons.Outlined.Cube: ImageVector,cupertino-icons-extended/src/commonMain/kotlin/io/github/alexzhirkevich/cupertino/icons/outlined/Cube.kt,31,common source,common source
cupertino-icons-extended,public val CupertinoIcons.Outlined.CupAndSaucer: ImageVector,cupertino-icons-extended/src/commonMain/kotlin/io/github/alexzhirkevich/cupertino/icons/outlined/CupAndSaucer.kt,31,common source,common source
cupertino-icons-extended,public val CupertinoIcons.Outlined.Curlybraces: ImageVector,cupertino-icons-extended/src/commonMain/kotlin/io/github/alexzhirkevich/cupertino/icons/outlined/Curlybraces.kt,31,common source,common source
cupertino-icons-extended,public val CupertinoIcons.Outlined.CursorarrowRays: ImageVector,cupertino-icons-extended/src/commonMain/kotlin/io/github/alexzhirkevich/cupertino/icons/outlined/CursorarrowRays.kt,34,common source,common source
cupertino-icons-extended,public val CupertinoIcons.Outlined.DeleteLeft: ImageVector,cupertino-icons-extended/src/commonMain/kotlin/io/github/alexzhirkevich/cupertino/icons/outlined/DeleteLeft.kt,34,common source,common source
cupertino-icons-extended,public val CupertinoIcons.Outlined.DeleteRight: ImageVector,cupertino-icons-extended/src/commonMain/kotlin/io/github/alexzhirkevich/cupertino/icons/outlined/DeleteRight.kt,34,common source,common source
cupertino-icons-extended,public val CupertinoIcons.Outlined.Desktopcomputer: ImageVector,cupertino-icons-extended/src/commonMain/kotlin/io/github/alexzhirkevich/cupertino/icons/outlined/Desktopcomputer.kt,31,common source,common source
cupertino-icons-extended,public val CupertinoIcons.Outlined.Dice: ImageVector,cupertino-icons-extended/src/commonMain/kotlin/io/github/alexzhirkevich/cupertino/icons/outlined/Dice.kt,34,common source,common source
cupertino-icons-extended,public val CupertinoIcons.Outlined.Display: ImageVector,cupertino-icons-extended/src/commonMain/kotlin/io/github/alexzhirkevich/cupertino/icons/outlined/Display.kt,31,common source,common source
cupertino-icons-extended,public val CupertinoIcons.Outlined.Divide: ImageVector,cupertino-icons-extended/src/commonMain/kotlin/io/github/alexzhirkevich/cupertino/icons/outlined/Divide.kt,31,common source,common source
cupertino-icons-extended,public val CupertinoIcons.Outlined.Doc: ImageVector,cupertino-icons-extended/src/commonMain/kotlin/io/github/alexzhirkevich/cupertino/icons/outlined/Doc.kt,31,common source,common source
cupertino-icons-extended,public val CupertinoIcons.Outlined.DocBadgeArrowUp: ImageVector,cupertino-icons-extended/src/commonMain/kotlin/io/github/alexzhirkevich/cupertino/icons/outlined/DocBadgeArrowUp.kt,34,common source,common source
cupertino-icons-extended,public val CupertinoIcons.Outlined.DocBadgePlus: ImageVector,cupertino-icons-extended/src/commonMain/kotlin/io/github/alexzhirkevich/cupertino/icons/outlined/DocBadgePlus.kt,34,common source,common source
cupertino-icons-extended,public val CupertinoIcons.Outlined.DocOnDoc: ImageVector,cupertino-icons-extended/src/commonMain/kotlin/io/github/alexzhirkevich/cupertino/icons/outlined/DocOnDoc.kt,34,common source,common source
cupertino-icons-extended,public val CupertinoIcons.Outlined.DocPlaintext: ImageVector,cupertino-icons-extended/src/commonMain/kotlin/io/github/alexzhirkevich/cupertino/icons/outlined/DocPlaintext.kt,31,common source,common source
cupertino-icons-extended,public val CupertinoIcons.Outlined.DocText: ImageVector,cupertino-icons-extended/src/commonMain/kotlin/io/github/alexzhirkevich/cupertino/icons/outlined/DocText.kt,34,common source,common source
cupertino-icons-extended,public val CupertinoIcons.Outlined.DocTextMagnifyingglass: ImageVector,cupertino-icons-extended/src/commonMain/kotlin/io/github/alexzhirkevich/cupertino/icons/outlined/DocTextMagnifyingglass.kt,34,common source,common source
cupertino-icons-extended,public val CupertinoIcons.Outlined.Dollarsign: ImageVector,cupertino-icons-extended/src/commonMain/kotlin/io/github/alexzhirkevich/cupertino/icons/outlined/Dollarsign.kt,31,common source,common source
cupertino-icons-extended,public val CupertinoIcons.Outlined.DollarsignArrowCirclepath: ImageVector,cupertino-icons-extended/src/commonMain/kotlin/io/github/alexzhirkevich/cupertino/icons/outlined/DollarsignArrowCirclepath.kt,34,common source,common source
cupertino-icons-extended,public val CupertinoIcons.Outlined.DoorLeftHandClosed: ImageVector,cupertino-icons-extended/src/commonMain/kotlin/io/github/alexzhirkevich/cupertino/icons/outlined/DoorLeftHandClosed.kt,34,common source,common source
cupertino-icons-extended,public val CupertinoIcons.Outlined.DoorLeftHandOpen: ImageVector,cupertino-icons-extended/src/commonMain/kotlin/io/github/alexzhirkevich/cupertino/icons/outlined/DoorLeftHandOpen.kt,34,common source,common source
cupertino-icons-extended,public val CupertinoIcons.Outlined.DotRadiowavesLeftAndRight: ImageVector,cupertino-icons-extended/src/commonMain/kotlin/io/github/alexzhirkevich/cupertino/icons/outlined/DotRadiowavesLeftAndRight.kt,34,common source,common source
cupertino-icons-extended,public val CupertinoIcons.Outlined.DotRadiowavesUpForward: ImageVector,cupertino-icons-extended/src/commonMain/kotlin/io/github/alexzhirkevich/cupertino/icons/outlined/DotRadiowavesUpForward.kt,34,common source,common source
cupertino-icons-extended,public val CupertinoIcons.Outlined.Drop: ImageVector,cupertino-icons-extended/src/commonMain/kotlin/io/github/alexzhirkevich/cupertino/icons/outlined/Drop.kt,31,common source,common source
cupertino-icons-extended,public val CupertinoIcons.Outlined.Ear: ImageVector,cupertino-icons-extended/src/commonMain/kotlin/io/github/alexzhirkevich/cupertino/icons/outlined/Ear.kt,31,common source,common source
cupertino-icons-extended,public val CupertinoIcons.Outlined.Earpods: ImageVector,cupertino-icons-extended/src/commonMain/kotlin/io/github/alexzhirkevich/cupertino/icons/outlined/Earpods.kt,31,common source,common source
cupertino-icons-extended,public val CupertinoIcons.Outlined.EllipsisBubble: ImageVector,cupertino-icons-extended/src/commonMain/kotlin/io/github/alexzhirkevich/cupertino/icons/outlined/EllipsisBubble.kt,34,common source,common source
cupertino-icons-extended,public val CupertinoIcons.Outlined.EllipsisCircle: ImageVector,cupertino-icons-extended/src/commonMain/kotlin/io/github/alexzhirkevich/cupertino/icons/outlined/EllipsisCircle.kt,34,common source,common source
cupertino-icons-extended,public val CupertinoIcons.Outlined.EllipsisCurlybraces: ImageVector,cupertino-icons-extended/src/commonMain/kotlin/io/github/alexzhirkevich/cupertino/icons/outlined/EllipsisCurlybraces.kt,34,common source,common source
cupertino-icons-extended,public val CupertinoIcons.Outlined.EllipsisMessage: ImageVector,cupertino-icons-extended/src/commonMain/kotlin/io/github/alexzhirkevich/cupertino/icons/outlined/EllipsisMessage.kt,34,common source,common source
cupertino-icons-extended,public val CupertinoIcons.Outlined.EnvelopeBadge: ImageVector,cupertino-icons-extended/src/commonMain/kotlin/io/github/alexzhirkevich/cupertino/icons/outlined/EnvelopeBadge.kt,34,common source,common source
cupertino-icons-extended,public val CupertinoIcons.Outlined.EnvelopeCircle: ImageVector,cupertino-icons-extended/src/commonMain/kotlin/io/github/alexzhirkevich/cupertino/icons/outlined/EnvelopeCircle.kt,34,common source,common source
cupertino-icons-extended,public val CupertinoIcons.Outlined.EnvelopeOpen: ImageVector,cupertino-icons-extended/src/commonMain/kotlin/io/github/alexzhirkevich/cupertino/icons/outlined/EnvelopeOpen.kt,31,common source,common source
cupertino-icons-extended,public val CupertinoIcons.Outlined.Eraser: ImageVector,cupertino-icons-extended/src/commonMain/kotlin/io/github/alexzhirkevich/cupertino/icons/outlined/Eraser.kt,31,common source,common source
cupertino-icons-extended,public val CupertinoIcons.Outlined.Eurosign: ImageVector,cupertino-icons-extended/src/commonMain/kotlin/io/github/alexzhirkevich/cupertino/icons/outlined/Eurosign.kt,31,common source,common source
cupertino-icons-extended,public val CupertinoIcons.Outlined.Exclamationmark: ImageVector,cupertino-icons-extended/src/commonMain/kotlin/io/github/alexzhirkevich/cupertino/icons/outlined/Exclamationmark.kt,31,common source,common source
cupertino-icons-extended,public val CupertinoIcons.Outlined.Exclamationmark2: ImageVector,cupertino-icons-extended/src/commonMain/kotlin/io/github/alexzhirkevich/cupertino/icons/outlined/Exclamationmark2.kt,31,common source,common source
cupertino-icons-extended,public val CupertinoIcons.Outlined.Exclamationmark3: ImageVector,cupertino-icons-extended/src/commonMain/kotlin/io/github/alexzhirkevich/cupertino/icons/outlined/Exclamationmark3.kt,31,common source,common source
cupertino-icons-extended,public val CupertinoIcons.Outlined.ExclamationmarkArrowTriangle2Circlepath: ImageVector,cupertino-icons-extended/src/commonMain/kotlin/io/github/alexzhirkevich/cupertino/icons/outlined/ExclamationmarkArrowTriangle2Circlepath.kt,34,common source,common source
cupertino-icons-extended,public val CupertinoIcons.Outlined.ExclamationmarkCircle: ImageVector,cupertino-icons-extended/src/commonMain/kotlin/io/github/alexzhirkevich/cupertino/icons/outlined/ExclamationmarkCircle.kt,34,common source,common source
cupertino-icons-extended,public val CupertinoIcons.Outlined.ExclamationmarkIcloud: ImageVector,cupertino-icons-extended/src/commonMain/kotlin/io/github/alexzhirkevich/cupertino/icons/outlined/ExclamationmarkIcloud.kt,34,common source,common source
cupertino-icons-extended,public val CupertinoIcons.Outlined.ExclamationmarkSquare: ImageVector,cupertino-icons-extended/src/commonMain/kotlin/io/github/alexzhirkevich/cupertino/icons/outlined/ExclamationmarkSquare.kt,34,common source,common source
cupertino-icons-extended,public val CupertinoIcons.Outlined.Externaldrive: ImageVector,cupertino-icons-extended/src/commonMain/kotlin/io/github/alexzhirkevich/cupertino/icons/outlined/Externaldrive.kt,31,common source,common source
cupertino-icons-extended,public val CupertinoIcons.Outlined.Eye: ImageVector,cupertino-icons-extended/src/commonMain/kotlin/io/github/alexzhirkevich/cupertino/icons/outlined/Eye.kt,31,common source,common source
cupertino-icons-extended,public val CupertinoIcons.Outlined.EyeSlash: ImageVector,cupertino-icons-extended/src/commonMain/kotlin/io/github/alexzhirkevich/cupertino/icons/outlined/EyeSlash.kt,34,common source,common source
cupertino-icons-extended,public val CupertinoIcons.Outlined.Eyebrow: ImageVector,cupertino-icons-extended/src/commonMain/kotlin/io/github/alexzhirkevich/cupertino/icons/outlined/Eyebrow.kt,34,common source,common source
cupertino-icons-extended,public val CupertinoIcons.Outlined.Eyedropper: ImageVector,cupertino-icons-extended/src/commonMain/kotlin/io/github/alexzhirkevich/cupertino/icons/outlined/Eyedropper.kt,31,common source,common source
cupertino-icons-extended,public val CupertinoIcons.Outlined.Eyeglasses: ImageVector,cupertino-icons-extended/src/commonMain/kotlin/io/github/alexzhirkevich/cupertino/icons/outlined/Eyeglasses.kt,31,common source,common source
cupertino-icons-extended,public val CupertinoIcons.Outlined.Eyes: ImageVector,cupertino-icons-extended/src/commonMain/kotlin/io/github/alexzhirkevich/cupertino/icons/outlined/Eyes.kt,31,common source,common source
cupertino-icons-extended,public val CupertinoIcons.Outlined.FaceSmilingInverse: ImageVector,cupertino-icons-extended/src/commonMain/kotlin/io/github/alexzhirkevich/cupertino/icons/outlined/FaceSmilingInverse.kt,31,common source,common source
cupertino-icons-extended,public val CupertinoIcons.Outlined.Faceid: ImageVector,cupertino-icons-extended/src/commonMain/kotlin/io/github/alexzhirkevich/cupertino/icons/outlined/Faceid.kt,34,common source,common source
cupertino-icons-extended,public val CupertinoIcons.Outlined.Facemask: ImageVector,cupertino-icons-extended/src/commonMain/kotlin/io/github/alexzhirkevich/cupertino/icons/outlined/Facemask.kt,34,common source,common source
cupertino-icons-extended,public val CupertinoIcons.Outlined.Fanblades: ImageVector,cupertino-icons-extended/src/commonMain/kotlin/io/github/alexzhirkevich/cupertino/icons/outlined/Fanblades.kt,31,common source,common source
cupertino-icons-extended,public val CupertinoIcons.Outlined.FanbladesSlash: ImageVector,cupertino-icons-extended/src/commonMain/kotlin/io/github/alexzhirkevich/cupertino/icons/outlined/FanbladesSlash.kt,34,common source,common source
cupertino-icons-extended,public val CupertinoIcons.Outlined.Fibrechannel: ImageVector,cupertino-icons-extended/src/commonMain/kotlin/io/github/alexzhirkevich/cupertino/icons/outlined/Fibrechannel.kt,31,common source,common source
cupertino-icons-extended,public val CupertinoIcons.Outlined.FigureStand: ImageVector,cupertino-icons-extended/src/commonMain/kotlin/io/github/alexzhirkevich/cupertino/icons/outlined/FigureStand.kt,31,common source,common source
cupertino-icons-extended,public val CupertinoIcons.Outlined.FigureWalk: ImageVector,cupertino-icons-extended/src/commonMain/kotlin/io/github/alexzhirkevich/cupertino/icons/outlined/FigureWalk.kt,31,common source,common source
cupertino-icons-extended,public val CupertinoIcons.Outlined.Film: ImageVector,cupertino-icons-extended/src/commonMain/kotlin/io/github/alexzhirkevich/cupertino/icons/outlined/Film.kt,31,common source,common source
cupertino-icons-extended,public val CupertinoIcons.Outlined.Flag: ImageVector,cupertino-icons-extended/src/commonMain/kotlin/io/github/alexzhirkevich/cupertino/icons/outlined/Flag.kt,31,common source,common source
cupertino-icons-extended,public val CupertinoIcons.Outlined.Flag2Crossed: ImageVector,cupertino-icons-extended/src/commonMain/kotlin/io/github/alexzhirkevich/cupertino/icons/outlined/Flag2Crossed.kt,34,common source,common source
cupertino-icons-extended,public val CupertinoIcons.Outlined.FlagCheckered2Crossed: ImageVector,cupertino-icons-extended/src/commonMain/kotlin/io/github/alexzhirkevich/cupertino/icons/outlined/FlagCheckered2Crossed.kt,31,common source,common source
cupertino-icons-extended,public val CupertinoIcons.Outlined.FlagSlash: ImageVector,cupertino-icons-extended/src/commonMain/kotlin/io/github/alexzhirkevich/cupertino/icons/outlined/FlagSlash.kt,34,common source,common source
cupertino-icons-extended,public val CupertinoIcons.Outlined.Flame: ImageVector,cupertino-icons-extended/src/commonMain/kotlin/io/github/alexzhirkevich/cupertino/icons/outlined/Flame.kt,31,common source,common source
cupertino-icons-extended,public val CupertinoIcons.Outlined.Flowchart: ImageVector,cupertino-icons-extended/src/commonMain/kotlin/io/github/alexzhirkevich/cupertino/icons/outlined/Flowchart.kt,31,common source,common source
cupertino-icons-extended,public val CupertinoIcons.Outlined.Folder: ImageVector,cupertino-icons-extended/src/commonMain/kotlin/io/github/alexzhirkevich/cupertino/icons/outlined/Folder.kt,31,common source,common source
cupertino-icons-extended,public val CupertinoIcons.Outlined.FolderBadgePlus: ImageVector,cupertino-icons-extended/src/commonMain/kotlin/io/github/alexzhirkevich/cupertino/icons/outlined/FolderBadgePlus.kt,34,common source,common source
cupertino-icons-extended,public val CupertinoIcons.Outlined.Football: ImageVector,cupertino-icons-extended/src/commonMain/kotlin/io/github/alexzhirkevich/cupertino/icons/outlined/Football.kt,31,common source,common source
cupertino-icons-extended,public val CupertinoIcons.Outlined.ForkKnife: ImageVector,cupertino-icons-extended/src/commonMain/kotlin/io/github/alexzhirkevich/cupertino/icons/outlined/ForkKnife.kt,31,common source,common source
cupertino-icons-extended,public val CupertinoIcons.Outlined.ForkKnifeCircle: ImageVector,cupertino-icons-extended/src/commonMain/kotlin/io/github/alexzhirkevich/cupertino/icons/outlined/ForkKnifeCircle.kt,34,common source,common source
cupertino-icons-extended,public val CupertinoIcons.Outlined.Forward: ImageVector,cupertino-icons-extended/src/commonMain/kotlin/io/github/alexzhirkevich/cupertino/icons/outlined/Forward.kt,31,common source,common source
cupertino-icons-extended,public val CupertinoIcons.Outlined.ForwardEnd: ImageVector,cupertino-icons-extended/src/commonMain/kotlin/io/github/alexzhirkevich/cupertino/icons/outlined/ForwardEnd.kt,31,common source,common source
cupertino-icons-extended,public val CupertinoIcons.Outlined.Francsign: ImageVector,cupertino-icons-extended/src/commonMain/kotlin/io/github/alexzhirkevich/cupertino/icons/outlined/Francsign.kt,31,common source,common source
cupertino-icons-extended,public val CupertinoIcons.Outlined.Fuelpump: ImageVector,cupertino-icons-extended/src/commonMain/kotlin/io/github/alexzhirkevich/cupertino/icons/outlined/Fuelpump.kt,31,common source,common source
cupertino-icons-extended,public val CupertinoIcons.Outlined.Gamecontroller: ImageVector,cupertino-icons-extended/src/commonMain/kotlin/io/github/alexzhirkevich/cupertino/icons/outlined/Gamecontroller.kt,34,common source,common source
cupertino-icons-extended,public val CupertinoIcons.Outlined.Gear: ImageVector,cupertino-icons-extended/src/commonMain/kotlin/io/github/alexzhirkevich/cupertino/icons/outlined/Gear.kt,31,common source,common source
cupertino-icons-extended,public val CupertinoIcons.Outlined.Gearshape2: ImageVector,cupertino-icons-extended/src/commonMain/kotlin/io/github/alexzhirkevich/cupertino/icons/outlined/Gearshape2.kt,31,common source,common source
cupertino-icons-extended,public val CupertinoIcons.Outlined.Gift: ImageVector,cupertino-icons-extended/src/commonMain/kotlin/io/github/alexzhirkevich/cupertino/icons/outlined/Gift.kt,31,common source,common source
cupertino-icons-extended,public val CupertinoIcons.Outlined.Giftcard: ImageVector,cupertino-icons-extended/src/commonMain/kotlin/io/github/alexzhirkevich/cupertino/icons/outlined/Giftcard.kt,31,common source,common source
cupertino-icons-extended,public val CupertinoIcons.Outlined.GlobeDesk: ImageVector,cupertino-icons-extended/src/commonMain/kotlin/io/github/alexzhirkevich/cupertino/icons/outlined/GlobeDesk.kt,31,common source,common source
cupertino-icons-extended,public val CupertinoIcons.Outlined.Gobackward: ImageVector,cupertino-icons-extended/src/commonMain/kotlin/io/github/alexzhirkevich/cupertino/icons/outlined/Gobackward.kt,31,common source,common source
cupertino-icons-extended,public val CupertinoIcons.Outlined.Goforward: ImageVector,cupertino-icons-extended/src/commonMain/kotlin/io/github/alexzhirkevich/cupertino/icons/outlined/Goforward.kt,31,common source,common source
cupertino-icons-extended,public val CupertinoIcons.Outlined.Graduationcap: ImageVector,cupertino-icons-extended/src/commonMain/kotlin/io/github/alexzhirkevich/cupertino/icons/outlined/Graduationcap.kt,31,common source,common source
cupertino-icons-extended,public val CupertinoIcons.Outlined.Grid: ImageVector,cupertino-icons-extended/src/commonMain/kotlin/io/github/alexzhirkevich/cupertino/icons/outlined/Grid.kt,31,common source,common source
cupertino-icons-extended,public val CupertinoIcons.Outlined.Hammer: ImageVector,cupertino-icons-extended/src/commonMain/kotlin/io/github/alexzhirkevich/cupertino/icons/outlined/Hammer.kt,31,common source,common source
cupertino-icons-extended,public val CupertinoIcons.Outlined.HandDraw: ImageVector,cupertino-icons-extended/src/commonMain/kotlin/io/github/alexzhirkevich/cupertino/icons/outlined/HandDraw.kt,34,common source,common source
cupertino-icons-extended,public val CupertinoIcons.Outlined.HandPointUp: ImageVector,cupertino-icons-extended/src/commonMain/kotlin/io/github/alexzhirkevich/cupertino/icons/outlined/HandPointUp.kt,31,common source,common source
cupertino-icons-extended,public val CupertinoIcons.Outlined.HandPointUpLeft: ImageVector,cupertino-icons-extended/src/commonMain/kotlin/io/github/alexzhirkevich/cupertino/icons/outlined/HandPointUpLeft.kt,31,common source,common source
cupertino-icons-extended,public val CupertinoIcons.Outlined.HandRaised: ImageVector,cupertino-icons-extended/src/commonMain/kotlin/io/github/alexzhirkevich/cupertino/icons/outlined/HandRaised.kt,31,common source,common source
cupertino-icons-extended,public val CupertinoIcons.Outlined.HandRaisedSlash: ImageVector,cupertino-icons-extended/src/commonMain/kotlin/io/github/alexzhirkevich/cupertino/icons/outlined/HandRaisedSlash.kt,34,common source,common source
cupertino-icons-extended,public val CupertinoIcons.Outlined.HandTap: ImageVector,cupertino-icons-extended/src/commonMain/kotlin/io/github/alexzhirkevich/cupertino/icons/outlined/HandTap.kt,34,common source,common source
cupertino-icons-extended,public val CupertinoIcons.Outlined.HandThumbsdown: ImageVector,cupertino-icons-extended/src/commonMain/kotlin/io/github/alexzhirkevich/cupertino/icons/outlined/HandThumbsdown.kt,31,common source,common source
cupertino-icons-extended,public val CupertinoIcons.Outlined.HandWave: ImageVector,cupertino-icons-extended/src/commonMain/kotlin/io/github/alexzhirkevich/cupertino/icons/outlined/HandWave.kt,31,common source,common source
cupertino-icons-extended,public val CupertinoIcons.Outlined.HandsSparkles: ImageVector,cupertino-icons-extended/src/commonMain/kotlin/io/github/alexzhirkevich/cupertino/icons/outlined/HandsSparkles.kt,34,common source,common source
cupertino-icons-extended,public val CupertinoIcons.Outlined.Headphones: ImageVector,cupertino-icons-extended/src/commonMain/kotlin/io/github/alexzhirkevich/cupertino/icons/outlined/Headphones.kt,31,common source,common source
cupertino-icons-extended,public val CupertinoIcons.Outlined.HeadphonesCircle: ImageVector,cupertino-icons-extended/src/commonMain/kotlin/io/github/alexzhirkevich/cupertino/icons/outlined/HeadphonesCircle.kt,34,common source,common source
cupertino-icons-extended,public val CupertinoIcons.Outlined.HeartCircle: ImageVector,cupertino-icons-extended/src/commonMain/kotlin/io/github/alexzhirkevich/cupertino/icons/outlined/HeartCircle.kt,34,common source,common source
cupertino-icons-extended,public val CupertinoIcons.Outlined.HeartSlash: ImageVector,cupertino-icons-extended/src/commonMain/kotlin/io/github/alexzhirkevich/cupertino/icons/outlined/HeartSlash.kt,34,common source,common source
cupertino-icons-extended,public val CupertinoIcons.Outlined.HeartTextSquare: ImageVector,cupertino-icons-extended/src/commonMain/kotlin/io/github/alexzhirkevich/cupertino/icons/outlined/HeartTextSquare.kt,34,common source,common source
cupertino-icons-extended,public val CupertinoIcons.Outlined.Hifispeaker: ImageVector,cupertino-icons-extended/src/commonMain/kotlin/io/github/alexzhirkevich/cupertino/icons/outlined/Hifispeaker.kt,31,common source,common source
cupertino-icons-extended,public val CupertinoIcons.Outlined.Highlighter: ImageVector,cupertino-icons-extended/src/commonMain/kotlin/io/github/alexzhirkevich/cupertino/icons/outlined/Highlighter.kt,31,common source,common source
cupertino-icons-extended,public val CupertinoIcons.Outlined.Homekit: ImageVector,cupertino-icons-extended/src/commonMain/kotlin/io/github/alexzhirkevich/cupertino/icons/outlined/Homekit.kt,34,common source,common source
cupertino-icons-extended,public val CupertinoIcons.Outlined.Homepod: ImageVector,cupertino-icons-extended/src/commonMain/kotlin/io/github/alexzhirkevich/cupertino/icons/outlined/Homepod.kt,34,common source,common source
cupertino-icons-extended,public val CupertinoIcons.Outlined.Homepodmini: ImageVector,cupertino-icons-extended/src/commonMain/kotlin/io/github/alexzhirkevich/cupertino/icons/outlined/Homepodmini.kt,34,common source,common source
cupertino-icons-extended,public val CupertinoIcons.Outlined.Hourglass: ImageVector,cupertino-icons-extended/src/commonMain/kotlin/io/github/alexzhirkevich/cupertino/icons/outlined/Hourglass.kt,31,common source,common source
cupertino-icons-extended,public val CupertinoIcons.Outlined.Hryvniasign: ImageVector,cupertino-icons-extended/src/commonMain/kotlin/io/github/alexzhirkevich/cupertino/icons/outlined/Hryvniasign.kt,31,common source,common source
cupertino-icons-extended,public val CupertinoIcons.Outlined.Icloud: ImageVector,cupertino-icons-extended/src/commonMain/kotlin/io/github/alexzhirkevich/cupertino/icons/outlined/Icloud.kt,31,common source,common source
cupertino-icons-extended,public val CupertinoIcons.Outlined.IcloudAndArrowDown: ImageVector,cupertino-icons-extended/src/commonMain/kotlin/io/github/alexzhirkevich/cupertino/icons/outlined/IcloudAndArrowDown.kt,34,common source,common source
cupertino-icons-extended,public val CupertinoIcons.Outlined.IcloudAndArrowUp: ImageVector,cupertino-icons-extended/src/commonMain/kotlin/io/github/alexzhirkevich/cupertino/icons/outlined/IcloudAndArrowUp.kt,34,common source,common source
cupertino-icons-extended,public val CupertinoIcons.Outlined.Infinity: ImageVector,cupertino-icons-extended/src/commonMain/kotlin/io/github/alexzhirkevich/cupertino/icons/outlined/Infinity.kt,31,common source,common source
cupertino-icons-extended,public val CupertinoIcons.Outlined.Info: ImageVector,cupertino-icons-extended/src/commonMain/kotlin/io/github/alexzhirkevich/cupertino/icons/outlined/Info.kt,31,common source,common source
cupertino-icons-extended,public val CupertinoIcons.Outlined.InfoBubble: ImageVector,cupertino-icons-extended/src/commonMain/kotlin/io/github/alexzhirkevich/cupertino/icons/outlined/InfoBubble.kt,34,common source,common source
cupertino-icons-extended,public val CupertinoIcons.Outlined.InfoSquare: ImageVector,cupertino-icons-extended/src/commonMain/kotlin/io/github/alexzhirkevich/cupertino/icons/outlined/InfoSquare.kt,34,common source,common source
cupertino-icons-extended,public val CupertinoIcons.Outlined.Ipad: ImageVector,cupertino-icons-extended/src/commonMain/kotlin/io/github/alexzhirkevich/cupertino/icons/outlined/Ipad.kt,31,common source,common source
cupertino-icons-extended,public val CupertinoIcons.Outlined.IpadAndIphone: ImageVector,cupertino-icons-extended/src/commonMain/kotlin/io/github/alexzhirkevich/cupertino/icons/outlined/IpadAndIphone.kt,34,common source,common source
cupertino-icons-extended,public val CupertinoIcons.Outlined.IpadHomebutton: ImageVector,cupertino-icons-extended/src/commonMain/kotlin/io/github/alexzhirkevich/cupertino/icons/outlined/IpadHomebutton.kt,31,common source,common source
cupertino-icons-extended,public val CupertinoIcons.Outlined.Iphone: ImageVector,cupertino-icons-extended/src/commonMain/kotlin/io/github/alexzhirkevich/cupertino/icons/outlined/Iphone.kt,31,common source,common source
cupertino-icons-extended,public val CupertinoIcons.Outlined.IphoneBadgePlay: ImageVector,cupertino-icons-extended/src/commonMain/kotlin/io/github/alexzhirkevich/cupertino/icons/outlined/IphoneBadgePlay.kt,34,common source,common source
cupertino-icons-extended,public val CupertinoIcons.Outlined.IphoneHomebutton: ImageVector,cupertino-icons-extended/src/commonMain/kotlin/io/github/alexzhirkevich/cupertino/icons/outlined/IphoneHomebutton.kt,31,common source,common source
cupertino-icons-extended,public val CupertinoIcons.Outlined.IphoneHomebuttonRadiowavesLeftAndRight: ImageVector,cupertino-icons-extended/src/commonMain/kotlin/io/github/alexzhirkevich/cupertino/icons/outlined/IphoneHomebuttonRadiowavesLeftAndRight.kt,34,common source,common source
cupertino-icons-extended,public val CupertinoIcons.Outlined.IphoneRadiowavesLeftAndRight: ImageVector,cupertino-icons-extended/src/commonMain/kotlin/io/github/alexzhirkevich/cupertino/icons/outlined/IphoneRadiowavesLeftAndRight.kt,34,common source,common source
cupertino-icons-extended,public val CupertinoIcons.Outlined.Key: ImageVector,cupertino-icons-extended/src/commonMain/kotlin/io/github/alexzhirkevich/cupertino/icons/outlined/Key.kt,31,common source,common source
cupertino-icons-extended,public val CupertinoIcons.Outlined.KeyIcloud: ImageVector,cupertino-icons-extended/src/commonMain/kotlin/io/github/alexzhirkevich/cupertino/icons/outlined/KeyIcloud.kt,34,common source,common source
cupertino-icons-extended,public val CupertinoIcons.Outlined.Keyboard: ImageVector,cupertino-icons-extended/src/commonMain/kotlin/io/github/alexzhirkevich/cupertino/icons/outlined/Keyboard.kt,31,common source,common source
cupertino-icons-extended,public val CupertinoIcons.Outlined.Lanyardcard: ImageVector,cupertino-icons-extended/src/commonMain/kotlin/io/github/alexzhirkevich/cupertino/icons/outlined/Lanyardcard.kt,31,common source,common source
cupertino-icons-extended,public val CupertinoIcons.Outlined.Laptopcomputer: ImageVector,cupertino-icons-extended/src/commonMain/kotlin/io/github/alexzhirkevich/cupertino/icons/outlined/Laptopcomputer.kt,31,common source,common source
cupertino-icons-extended,public val CupertinoIcons.Outlined.LaptopcomputerAndIpad: ImageVector,cupertino-icons-extended/src/commonMain/kotlin/io/github/alexzhirkevich/cupertino/icons/outlined/LaptopcomputerAndIpad.kt,34,common source,common source
cupertino-icons-extended,public val CupertinoIcons.Outlined.LaptopcomputerAndIphone: ImageVector,cupertino-icons-extended/src/commonMain/kotlin/io/github/alexzhirkevich/cupertino/icons/outlined/LaptopcomputerAndIphone.kt,34,common source,common source
cupertino-icons-extended,public val CupertinoIcons.Outlined.Leaf: ImageVector,cupertino-icons-extended/src/commonMain/kotlin/io/github/alexzhirkevich/cupertino/icons/outlined/Leaf.kt,31,common source,common source
cupertino-icons-extended,public val CupertinoIcons.Outlined.Level: ImageVector,cupertino-icons-extended/src/commonMain/kotlin/io/github/alexzhirkevich/cupertino/icons/outlined/Level.kt,34,common source,common source
cupertino-icons-extended,public val CupertinoIcons.Outlined.Lifepreserver: ImageVector,cupertino-icons-extended/src/commonMain/kotlin/io/github/alexzhirkevich/cupertino/icons/outlined/Lifepreserver.kt,31,common source,common source
cupertino-icons-extended,public val CupertinoIcons.Outlined.LightBeaconMax: ImageVector,cupertino-icons-extended/src/commonMain/kotlin/io/github/alexzhirkevich/cupertino/icons/outlined/LightBeaconMax.kt,34,common source,common source
cupertino-icons-extended,public val CupertinoIcons.Outlined.LightMax: ImageVector,cupertino-icons-extended/src/commonMain/kotlin/io/github/alexzhirkevich/cupertino/icons/outlined/LightMax.kt,34,common source,common source
cupertino-icons-extended,public val CupertinoIcons.Outlined.LightMin: ImageVector,cupertino-icons-extended/src/commonMain/kotlin/io/github/alexzhirkevich/cupertino/icons/outlined/LightMin.kt,34,common source,common source
cupertino-icons-extended,public val CupertinoIcons.Outlined.Lightbulb: ImageVector,cupertino-icons-extended/src/commonMain/kotlin/io/github/alexzhirkevich/cupertino/icons/outlined/Lightbulb.kt,31,common source,common source
cupertino-icons-extended,public val CupertinoIcons.Outlined.LightbulbSlash: ImageVector,cupertino-icons-extended/src/commonMain/kotlin/io/github/alexzhirkevich/cupertino/icons/outlined/LightbulbSlash.kt,34,common source,common source
cupertino-icons-extended,public val CupertinoIcons.Outlined.Link: ImageVector,cupertino-icons-extended/src/commonMain/kotlin/io/github/alexzhirkevich/cupertino/icons/outlined/Link.kt,31,common source,common source
cupertino-icons-extended,public val CupertinoIcons.Outlined.LinkBadgePlus: ImageVector,cupertino-icons-extended/src/commonMain/kotlin/io/github/alexzhirkevich/cupertino/icons/outlined/LinkBadgePlus.kt,34,common source,common source
cupertino-icons-extended,public val CupertinoIcons.Outlined.LinkCircle: ImageVector,cupertino-icons-extended/src/commonMain/kotlin/io/github/alexzhirkevich/cupertino/icons/outlined/LinkCircle.kt,34,common source,common source
cupertino-icons-extended,public val CupertinoIcons.Outlined.Lirasign: ImageVector,cupertino-icons-extended/src/commonMain/kotlin/io/github/alexzhirkevich/cupertino/icons/outlined/Lirasign.kt,31,common source,common source
cupertino-icons-extended,public val CupertinoIcons.Outlined.ListBulletCircle: ImageVector,cupertino-icons-extended/src/commonMain/kotlin/io/github/alexzhirkevich/cupertino/icons/outlined/ListBulletCircle.kt,34,common source,common source
cupertino-icons-extended,public val CupertinoIcons.Outlined.ListBulletClipboard: ImageVector,cupertino-icons-extended/src/commonMain/kotlin/io/github/alexzhirkevich/cupertino/icons/outlined/ListBulletClipboard.kt,34,common source,common source
cupertino-icons-extended,public val CupertinoIcons.Outlined.ListBulletIndent: ImageVector,cupertino-icons-extended/src/commonMain/kotlin/io/github/alexzhirkevich/cupertino/icons/outlined/ListBulletIndent.kt,34,common source,common source
cupertino-icons-extended,public val CupertinoIcons.Outlined.ListClipboard: ImageVector,cupertino-icons-extended/src/commonMain/kotlin/io/github/alexzhirkevich/cupertino/icons/outlined/ListClipboard.kt,31,common source,common source
cupertino-icons-extended,public val CupertinoIcons.Outlined.ListNumber: ImageVector,cupertino-icons-extended/src/commonMain/kotlin/io/github/alexzhirkevich/cupertino/icons/outlined/ListNumber.kt,34,common source,common source
cupertino-icons-extended,public val CupertinoIcons.Outlined.Livephoto: ImageVector,cupertino-icons-extended/src/commonMain/kotlin/io/github/alexzhirkevich/cupertino/icons/outlined/Livephoto.kt,34,common source,common source
cupertino-icons-extended,public val CupertinoIcons.Outlined.LockCircle: ImageVector,cupertino-icons-extended/src/commonMain/kotlin/io/github/alexzhirkevich/cupertino/icons/outlined/LockCircle.kt,34,common source,common source
cupertino-icons-extended,public val CupertinoIcons.Outlined.LockOpen: ImageVector,cupertino-icons-extended/src/commonMain/kotlin/io/github/alexzhirkevich/cupertino/icons/outlined/LockOpen.kt,31,common source,common source
cupertino-icons-extended,public val CupertinoIcons.Outlined.LockSlash: ImageVector,cupertino-icons-extended/src/commonMain/kotlin/io/github/alexzhirkevich/cupertino/icons/outlined/LockSlash.kt,34,common source,common source
cupertino-icons-extended,public val CupertinoIcons.Outlined.Macwindow: ImageVector,cupertino-icons-extended/src/commonMain/kotlin/io/github/alexzhirkevich/cupertino/icons/outlined/Macwindow.kt,31,common source,common source
cupertino-icons-extended,public val CupertinoIcons.Outlined.MacwindowBadgePlus: ImageVector,cupertino-icons-extended/src/commonMain/kotlin/io/github/alexzhirkevich/cupertino/icons/outlined/MacwindowBadgePlus.kt,34,common source,common source
cupertino-icons-extended,public val CupertinoIcons.Outlined.Magazine: ImageVector,cupertino-icons-extended/src/commonMain/kotlin/io/github/alexzhirkevich/cupertino/icons/outlined/Magazine.kt,31,common source,common source
cupertino-icons-extended,public val CupertinoIcons.Outlined.Mail: ImageVector,cupertino-icons-extended/src/commonMain/kotlin/io/github/alexzhirkevich/cupertino/icons/outlined/Mail.kt,31,common source,common source
cupertino-icons-extended,public val CupertinoIcons.Outlined.MailStack: ImageVector,cupertino-icons-extended/src/commonMain/kotlin/io/github/alexzhirkevich/cupertino/icons/outlined/MailStack.kt,31,common source,common source
cupertino-icons-extended,public val CupertinoIcons.Outlined.Map: ImageVector,cupertino-icons-extended/src/commonMain/kotlin/io/github/alexzhirkevich/cupertino/icons/outlined/Map.kt,31,common source,common source
cupertino-icons-extended,public val CupertinoIcons.Outlined.MappinAndEllipse: ImageVector,cupertino-icons-extended/src/commonMain/kotlin/io/github/alexzhirkevich/cupertino/icons/outlined/MappinAndEllipse.kt,34,common source,common source
cupertino-icons-extended,public val CupertinoIcons.Outlined.MappinSlash: ImageVector,cupertino-icons-extended/src/commonMain/kotlin/io/github/alexzhirkevich/cupertino/icons/outlined/MappinSlash.kt,34,common source,common source
cupertino-icons-extended,public val CupertinoIcons.Outlined.Medal: ImageVector,cupertino-icons-extended/src/commonMain/kotlin/io/github/alexzhirkevich/cupertino/icons/outlined/Medal.kt,31,common source,common source
cupertino-icons-extended,public val CupertinoIcons.Outlined.Megaphone: ImageVector,cupertino-icons-extended/src/commonMain/kotlin/io/github/alexzhirkevich/cupertino/icons/outlined/Megaphone.kt,31,common source,common source
cupertino-icons-extended,public val CupertinoIcons.Outlined.Memories: ImageVector,cupertino-icons-extended/src/commonMain/kotlin/io/github/alexzhirkevich/cupertino/icons/outlined/Memories.kt,31,common source,common source
cupertino-icons-extended,public val CupertinoIcons.Outlined.MenubarRectangle: ImageVector,cupertino-icons-extended/src/commonMain/kotlin/io/github/alexzhirkevich/cupertino/icons/outlined/MenubarRectangle.kt,31,common source,common source
cupertino-icons-extended,public val CupertinoIcons.Outlined.Menucard: ImageVector,cupertino-icons-extended/src/commonMain/kotlin/io/github/alexzhirkevich/cupertino/icons/outlined/Menucard.kt,31,common source,common source
cupertino-icons-extended,public val CupertinoIcons.Outlined.Message: ImageVector,cupertino-icons-extended/src/commonMain/kotlin/io/github/alexzhirkevich/cupertino/icons/outlined/Message.kt,31,common source,common source
cupertino-icons-extended,public val CupertinoIcons.Outlined.MessageBadge: ImageVector,cupertino-icons-extended/src/commonMain/kotlin/io/github/alexzhirkevich/cupertino/icons/outlined/MessageBadge.kt,34,common source,common source
cupertino-icons-extended,public val CupertinoIcons.Outlined.Mic: ImageVector,cupertino-icons-extended/src/commonMain/kotlin/io/github/alexzhirkevich/cupertino/icons/outlined/Mic.kt,31,common source,common source
cupertino-icons-extended,public val CupertinoIcons.Outlined.MicSlash: ImageVector,cupertino-icons-extended/src/commonMain/kotlin/io/github/alexzhirkevich/cupertino/icons/outlined/MicSlash.kt,34,common source,common source
cupertino-icons-extended,public val CupertinoIcons.Outlined.Minus: ImageVector,cupertino-icons-extended/src/commonMain/kotlin/io/github/alexzhirkevich/cupertino/icons/outlined/Minus.kt,31,common source,common source
cupertino-icons-extended,public val CupertinoIcons.Outlined.MinusCircle: ImageVector,cupertino-icons-extended/src/commonMain/kotlin/io/github/alexzhirkevich/cupertino/icons/outlined/MinusCircle.kt,34,common source,common source
cupertino-icons-extended,public val CupertinoIcons.Outlined.MinusMagnifyingglass: ImageVector,cupertino-icons-extended/src/commonMain/kotlin/io/github/alexzhirkevich/cupertino/icons/outlined/MinusMagnifyingglass.kt,31,common source,common source
cupertino-icons-extended,public val CupertinoIcons.Outlined.Moon: ImageVector,cupertino-icons-extended/src/commonMain/kotlin/io/github/alexzhirkevich/cupertino/icons/outlined/Moon.kt,31,common source,common source
cupertino-icons-extended,public val CupertinoIcons.Outlined.MoonStars: ImageVector,cupertino-icons-extended/src/commonMain/kotlin/io/github/alexzhirkevich/cupertino/icons/outlined/MoonStars.kt,34,common source,common source
cupertino-icons-extended,public val CupertinoIcons.Outlined.Mount: ImageVector,cupertino-icons-extended/src/commonMain/kotlin/io/github/alexzhirkevich/cupertino/icons/outlined/Mount.kt,31,common source,common source
cupertino-icons-extended,public val CupertinoIcons.Outlined.Multiply: ImageVector,cupertino-icons-extended/src/commonMain/kotlin/io/github/alexzhirkevich/cupertino/icons/outlined/Multiply.kt,31,common source,common source
cupertino-icons-extended,public val CupertinoIcons.Outlined.MusicMic: ImageVector,cupertino-icons-extended/src/commonMain/kotlin/io/github/alexzhirkevich/cupertino/icons/outlined/MusicMic.kt,31,common source,common source
cupertino-icons-extended,public val CupertinoIcons.Outlined.MusicNote: ImageVector,cupertino-icons-extended/src/commonMain/kotlin/io/github/alexzhirkevich/cupertino/icons/outlined/MusicNote.kt,31,common source,common source
cupertino-icons-extended,public val CupertinoIcons.Outlined.MusicNoteList: ImageVector,cupertino-icons-extended/src/commonMain/kotlin/io/github/alexzhirkevich/cupertino/icons/outlined/MusicNoteList.kt,34,common source,common source
cupertino-icons-extended,public val CupertinoIcons.Outlined.MusicQuarternote3: ImageVector,cupertino-icons-extended/src/commonMain/kotlin/io/github/alexzhirkevich/cupertino/icons/outlined/MusicQuarternote3.kt,31,common source,common source
cupertino-icons-extended,public val CupertinoIcons.Outlined.Network: ImageVector,cupertino-icons-extended/src/commonMain/kotlin/io/github/alexzhirkevich/cupertino/icons/outlined/Network.kt,31,common source,common source
cupertino-icons-extended,public val CupertinoIcons.Outlined.Newspaper: ImageVector,cupertino-icons-extended/src/commonMain/kotlin/io/github/alexzhirkevich/cupertino/icons/outlined/Newspaper.kt,31,common source,common source
cupertino-icons-extended,public val CupertinoIcons.Outlined.Nosign: ImageVector,cupertino-icons-extended/src/commonMain/kotlin/io/github/alexzhirkevich/cupertino/icons/outlined/Nosign.kt,31,common source,common source
cupertino-icons-extended,public val CupertinoIcons.Outlined.NoteText: ImageVector,cupertino-icons-extended/src/commonMain/kotlin/io/github/alexzhirkevich/cupertino/icons/outlined/NoteText.kt,34,common source,common source
cupertino-icons-extended,public val CupertinoIcons.Outlined.NoteTextBadgePlus: ImageVector,cupertino-icons-extended/src/commonMain/kotlin/io/github/alexzhirkevich/cupertino/icons/outlined/NoteTextBadgePlus.kt,34,common source,common source
cupertino-icons-extended,public val CupertinoIcons.Outlined.Number: ImageVector,cupertino-icons-extended/src/commonMain/kotlin/io/github/alexzhirkevich/cupertino/icons/outlined/Number.kt,31,common source,common source
cupertino-icons-extended,public val CupertinoIcons.Outlined.Opticaldisc: ImageVector,cupertino-icons-extended/src/commonMain/kotlin/io/github/alexzhirkevich/cupertino/icons/outlined/Opticaldisc.kt,31,common source,common source
cupertino-icons-extended,public val CupertinoIcons.Outlined.Option: ImageVector,cupertino-icons-extended/src/commonMain/kotlin/io/github/alexzhirkevich/cupertino/icons/outlined/Option.kt,31,common source,common source
cupertino-icons-extended,public val CupertinoIcons.Outlined.Paintbrush: ImageVector,cupertino-icons-extended/src/commonMain/kotlin/io/github/alexzhirkevich/cupertino/icons/outlined/Paintbrush.kt,31,common source,common source
cupertino-icons-extended,public val CupertinoIcons.Outlined.PaintbrushPointed: ImageVector,cupertino-icons-extended/src/commonMain/kotlin/io/github/alexzhirkevich/cupertino/icons/outlined/PaintbrushPointed.kt,31,common source,common source
cupertino-icons-extended,public val CupertinoIcons.Outlined.Paintpalette: ImageVector,cupertino-icons-extended/src/commonMain/kotlin/io/github/alexzhirkevich/cupertino/icons/outlined/Paintpalette.kt,34,common source,common source
cupertino-icons-extended,public val CupertinoIcons.Outlined.Paperclip: ImageVector,cupertino-icons-extended/src/commonMain/kotlin/io/github/alexzhirkevich/cupertino/icons/outlined/Paperclip.kt,31,common source,common source
cupertino-icons-extended,public val CupertinoIcons.Outlined.PaperclipBadgeEllipsis: ImageVector,cupertino-icons-extended/src/commonMain/kotlin/io/github/alexzhirkevich/cupertino/icons/outlined/PaperclipBadgeEllipsis.kt,34,common source,common source
cupertino-icons-extended,public val CupertinoIcons.Outlined.PaperclipCircle: ImageVector,cupertino-icons-extended/src/commonMain/kotlin/io/github/alexzhirkevich/cupertino/icons/outlined/PaperclipCircle.kt,34,common source,common source
cupertino-icons-extended,public val CupertinoIcons.Outlined.Paragraphsign: ImageVector,cupertino-icons-extended/src/commonMain/kotlin/io/github/alexzhirkevich/cupertino/icons/outlined/Paragraphsign.kt,31,common source,common source
cupertino-icons-extended,public val CupertinoIcons.Outlined.PartyPopper: ImageVector,cupertino-icons-extended/src/commonMain/kotlin/io/github/alexzhirkevich/cupertino/icons/outlined/PartyPopper.kt,34,common source,common source
cupertino-icons-extended,public val CupertinoIcons.Outlined.Pause: ImageVector,cupertino-icons-extended/src/commonMain/kotlin/io/github/alexzhirkevich/cupertino/icons/outlined/Pause.kt,31,common source,common source
cupertino-icons-extended,public val CupertinoIcons.Outlined.PauseCircle: ImageVector,cupertino-icons-extended/src/commonMain/kotlin/io/github/alexzhirkevich/cupertino/icons/outlined/PauseCircle.kt,34,common source,common source
cupertino-icons-extended,public val CupertinoIcons.Outlined.Pawprint: ImageVector,cupertino-icons-extended/src/commonMain/kotlin/io/github/alexzhirkevich/cupertino/icons/outlined/Pawprint.kt,31,common source,common source
cupertino-icons-extended,public val CupertinoIcons.Outlined.PencilCircle: ImageVector,cupertino-icons-extended/src/commonMain/kotlin/io/github/alexzhirkevich/cupertino/icons/outlined/PencilCircle.kt,34,common source,common source
cupertino-icons-extended,public val CupertinoIcons.Outlined.PencilTipCropCircle: ImageVector,cupertino-icons-extended/src/commonMain/kotlin/io/github/alexzhirkevich/cupertino/icons/outlined/PencilTipCropCircle.kt,31,common source,common source
cupertino-icons-extended,public val CupertinoIcons.Outlined.Percent: ImageVector,cupertino-icons-extended/src/commonMain/kotlin/io/github/alexzhirkevich/cupertino/icons/outlined/Percent.kt,31,common source,common source
cupertino-icons-extended,public val CupertinoIcons.Outlined.Person2: ImageVector,cupertino-icons-extended/src/commonMain/kotlin/io/github/alexzhirkevich/cupertino/icons/outlined/Person2.kt,34,common source,common source
cupertino-icons-extended,public val CupertinoIcons.Outlined.PersonAndBackgroundDotted: ImageVector,cupertino-icons-extended/src/commonMain/kotlin/io/github/alexzhirkevich/cupertino/icons/outlined/PersonAndBackgroundDotted.kt,34,common source,common source
cupertino-icons-extended,public val CupertinoIcons.Outlined.PersonCircle: ImageVector,cupertino-icons-extended/src/commonMain/kotlin/io/github/alexzhirkevich/cupertino/icons/outlined/PersonCircle.kt,34,common source,common source
cupertino-icons-extended,public val CupertinoIcons.Outlined.PersonCropCircleBadgeMinus: ImageVector,cupertino-icons-extended/src/commonMain/kotlin/io/github/alexzhirkevich/cupertino/icons/outlined/PersonCropCircleBadgeMinus.kt,34,common source,common source
cupertino-icons-extended,public val CupertinoIcons.Outlined.PersonCropCircleBadgePlus: ImageVector,cupertino-icons-extended/src/commonMain/kotlin/io/github/alexzhirkevich/cupertino/icons/outlined/PersonCropCircleBadgePlus.kt,34,common source,common source
cupertino-icons-extended,public val CupertinoIcons.Outlined.PersonIcloud: ImageVector,cupertino-icons-extended/src/commonMain/kotlin/io/github/alexzhirkevich/cupertino/icons/outlined/PersonIcloud.kt,31,common source,common source
cupertino-icons-extended,public val CupertinoIcons.Outlined.PersonTextRectangle: ImageVector,cupertino-icons-extended/src/commonMain/kotlin/io/github/alexzhirkevich/cupertino/icons/outlined/PersonTextRectangle.kt,34,common source,common source
cupertino-icons-extended,public val CupertinoIcons.Outlined.PersonWave2: ImageVector,cupertino-icons-extended/src/commonMain/kotlin/io/github/alexzhirkevich/cupertino/icons/outlined/PersonWave2.kt,34,common source,common source
cupertino-icons-extended,public val CupertinoIcons.Outlined.Personalhotspot: ImageVector,cupertino-icons-extended/src/commonMain/kotlin/io/github/alexzhirkevich/cupertino/icons/outlined/Personalhotspot.kt,31,common source,common source
cupertino-icons-extended,public val CupertinoIcons.Outlined.PhoneAndWaveform: ImageVector,cupertino-icons-extended/src/commonMain/kotlin/io/github/alexzhirkevich/cupertino/icons/outlined/PhoneAndWaveform.kt,34,common source,common source
cupertino-icons-extended,public val CupertinoIcons.Outlined.PhoneArrowDownLeft: ImageVector,cupertino-icons-extended/src/commonMain/kotlin/io/github/alexzhirkevich/cupertino/icons/outlined/PhoneArrowDownLeft.kt,34,common source,common source
cupertino-icons-extended,public val CupertinoIcons.Outlined.PhoneArrowUpRight: ImageVector,cupertino-icons-extended/src/commonMain/kotlin/io/github/alexzhirkevich/cupertino/icons/outlined/PhoneArrowUpRight.kt,34,common source,common source
cupertino-icons-extended,public val CupertinoIcons.Outlined.PhoneBadgePlus: ImageVector,cupertino-icons-extended/src/commonMain/kotlin/io/github/alexzhirkevich/cupertino/icons/outlined/PhoneBadgePlus.kt,34,common source,common source
cupertino-icons-extended,public val CupertinoIcons.Outlined.PhoneCircle: ImageVector,cupertino-icons-extended/src/commonMain/kotlin/io/github/alexzhirkevich/cupertino/icons/outlined/PhoneCircle.kt,34,common source,common source
cupertino-icons-extended,public val CupertinoIcons.Outlined.PhoneConnection: ImageVector,cupertino-icons-extended/src/commonMain/kotlin/io/github/alexzhirkevich/cupertino/icons/outlined/PhoneConnection.kt,34,common source,common source
cupertino-icons-extended,public val CupertinoIcons.Outlined.Photo: ImageVector,cupertino-icons-extended/src/commonMain/kotlin/io/github/alexzhirkevich/cupertino/icons/outlined/Photo.kt,31,common source,common source
cupertino-icons-extended,public val CupertinoIcons.Outlined.PhotoStack: ImageVector,cupertino-icons-extended/src/commonMain/kotlin/io/github/alexzhirkevich/cupertino/icons/outlined/PhotoStack.kt,31,common source,common source
cupertino-icons-extended,public val CupertinoIcons.Outlined.PhotoTv: ImageVector,cupertino-icons-extended/src/commonMain/kotlin/io/github/alexzhirkevich/cupertino/icons/outlined/PhotoTv.kt,31,common source,common source
cupertino-icons-extended,public val CupertinoIcons.Outlined.Pill: ImageVector,cupertino-icons-extended/src/commonMain/kotlin/io/github/alexzhirkevich/cupertino/icons/outlined/Pill.kt,31,common source,common source
cupertino-icons-extended,public val CupertinoIcons.Outlined.Pin: ImageVector,cupertino-icons-extended/src/commonMain/kotlin/io/github/alexzhirkevich/cupertino/icons/outlined/Pin.kt,31,common source,common source
cupertino-icons-extended,public val CupertinoIcons.Outlined.PinCircle: ImageVector,cupertino-icons-extended/src/commonMain/kotlin/io/github/alexzhirkevich/cupertino/icons/outlined/PinCircle.kt,34,common source,common source
cupertino-icons-extended,public val CupertinoIcons.Outlined.PinSlash: ImageVector,cupertino-icons-extended/src/commonMain/kotlin/io/github/alexzhirkevich/cupertino/icons/outlined/PinSlash.kt,34,common source,common source
cupertino-icons-extended,public val CupertinoIcons.Outlined.Pip: ImageVector,cupertino-icons-extended/src/commonMain/kotlin/io/github/alexzhirkevich/cupertino/icons/outlined/Pip.kt,34,common source,common source
cupertino-icons-extended,public val CupertinoIcons.Outlined.PipEnter: ImageVector,cupertino-icons-extended/src/commonMain/kotlin/io/github/alexzhirkevich/cupertino/icons/outlined/PipEnter.kt,34,common source,common source
cupertino-icons-extended,public val CupertinoIcons.Outlined.PipExit: ImageVector,cupertino-icons-extended/src/commonMain/kotlin/io/github/alexzhirkevich/cupertino/icons/outlined/PipExit.kt,34,common source,common source
cupertino-icons-extended,public val CupertinoIcons.Outlined.PlayCircle: ImageVector,cupertino-icons-extended/src/commonMain/kotlin/io/github/alexzhirkevich/cupertino/icons/outlined/PlayCircle.kt,34,common source,common source
cupertino-icons-extended,public val CupertinoIcons.Outlined.PlayDisplay: ImageVector,cupertino-icons-extended/src/commonMain/kotlin/io/github/alexzhirkevich/cupertino/icons/outlined/PlayDisplay.kt,34,common source,common source
cupertino-icons-extended,public val CupertinoIcons.Outlined.PlusApp: ImageVector,cupertino-icons-extended/src/commonMain/kotlin/io/github/alexzhirkevich/cupertino/icons/outlined/PlusApp.kt,34,common source,common source
cupertino-icons-extended,public val CupertinoIcons.Outlined.PlusBubble: ImageVector,cupertino-icons-extended/src/commonMain/kotlin/io/github/alexzhirkevich/cupertino/icons/outlined/PlusBubble.kt,34,common source,common source
cupertino-icons-extended,public val CupertinoIcons.Outlined.PlusMagnifyingglass: ImageVector,cupertino-icons-extended/src/commonMain/kotlin/io/github/alexzhirkevich/cupertino/icons/outlined/PlusMagnifyingglass.kt,31,common source,common source
cupertino-icons-extended,public val CupertinoIcons.Outlined.PlusMessage: ImageVector,cupertino-icons-extended/src/commonMain/kotlin/io/github/alexzhirkevich/cupertino/icons/outlined/PlusMessage.kt,34,common source,common source
cupertino-icons-extended,public val CupertinoIcons.Outlined.PlusSquare: ImageVector,cupertino-icons-extended/src/commonMain/kotlin/io/github/alexzhirkevich/cupertino/icons/outlined/PlusSquare.kt,34,common source,common source
cupertino-icons-extended,public val CupertinoIcons.Outlined.PlusViewfinder: ImageVector,cupertino-icons-extended/src/commonMain/kotlin/io/github/alexzhirkevich/cupertino/icons/outlined/PlusViewfinder.kt,34,common source,common source
cupertino-icons-extended,public val CupertinoIcons.Outlined.Popcorn: ImageVector,cupertino-icons-extended/src/commonMain/kotlin/io/github/alexzhirkevich/cupertino/icons/outlined/Popcorn.kt,31,common source,common source
cupertino-icons-extended,public val CupertinoIcons.Outlined.Power: ImageVector,cupertino-icons-extended/src/commonMain/kotlin/io/github/alexzhirkevich/cupertino/icons/outlined/Power.kt,31,common source,common source
cupertino-icons-extended,public val CupertinoIcons.Outlined.PowerCircle: ImageVector,cupertino-icons-extended/src/commonMain/kotlin/io/github/alexzhirkevich/cupertino/icons/outlined/PowerCircle.kt,34,common source,common source
cupertino-icons-extended,public val CupertinoIcons.Outlined.Printer: ImageVector,cupertino-icons-extended/src/commonMain/kotlin/io/github/alexzhirkevich/cupertino/icons/outlined/Printer.kt,31,common source,common source
cupertino-icons-extended,public val CupertinoIcons.Outlined.Puzzlepiece: ImageVector,cupertino-icons-extended/src/commonMain/kotlin/io/github/alexzhirkevich/cupertino/icons/outlined/Puzzlepiece.kt,31,common source,common source
cupertino-icons-extended,public val CupertinoIcons.Outlined.PuzzlepieceExtension: ImageVector,cupertino-icons-extended/src/commonMain/kotlin/io/github/alexzhirkevich/cupertino/icons/outlined/PuzzlepieceExtension.kt,31,common source,common source
cupertino-icons-extended,public val CupertinoIcons.Outlined.Qrcode: ImageVector,cupertino-icons-extended/src/commonMain/kotlin/io/github/alexzhirkevich/cupertino/icons/outlined/Qrcode.kt,31,common source,common source
cupertino-icons-extended,public val CupertinoIcons.Outlined.QrcodeViewfinder: ImageVector,cupertino-icons-extended/src/commonMain/kotlin/io/github/alexzhirkevich/cupertino/icons/outlined/QrcodeViewfinder.kt,34,common source,common source
cupertino-icons-extended,public val CupertinoIcons.Outlined.Questionmark: ImageVector,cupertino-icons-extended/src/commonMain/kotlin/io/github/alexzhirkevich/cupertino/icons/outlined/Questionmark.kt,31,common source,common source
cupertino-icons-extended,public val CupertinoIcons.Outlined.QuestionmarkApp: ImageVector,cupertino-icons-extended/src/commonMain/kotlin/io/github/alexzhirkevich/cupertino/icons/outlined/QuestionmarkApp.kt,34,common source,common source
cupertino-icons-extended,public val CupertinoIcons.Outlined.QuestionmarkCircle: ImageVector,cupertino-icons-extended/src/commonMain/kotlin/io/github/alexzhirkevich/cupertino/icons/outlined/QuestionmarkCircle.kt,34,common source,common source
cupertino-icons-extended,public val CupertinoIcons.Outlined.QuestionmarkFolder: ImageVector,cupertino-icons-extended/src/commonMain/kotlin/io/github/alexzhirkevich/cupertino/icons/outlined/QuestionmarkFolder.kt,34,common source,common source
cupertino-icons-extended,public val CupertinoIcons.Outlined.QuestionmarkSquare: ImageVector,cupertino-icons-extended/src/commonMain/kotlin/io/github/alexzhirkevich/cupertino/icons/outlined/QuestionmarkSquare.kt,31,common source,common source
cupertino-icons-extended,public val CupertinoIcons.Outlined.QuoteClosing: ImageVector,cupertino-icons-extended/src/commonMain/kotlin/io/github/alexzhirkevich/cupertino/icons/outlined/QuoteClosing.kt,31,common source,common source
cupertino-icons-extended,public val CupertinoIcons.Outlined.QuoteOpening: ImageVector,cupertino-icons-extended/src/commonMain/kotlin/io/github/alexzhirkevich/cupertino/icons/outlined/QuoteOpening.kt,31,common source,common source
cupertino-icons-extended,public val CupertinoIcons.Outlined.Rays: ImageVector,cupertino-icons-extended/src/commonMain/kotlin/io/github/alexzhirkevich/cupertino/icons/outlined/Rays.kt,34,common source,common source
cupertino-icons-extended,public val CupertinoIcons.Outlined.RecordCircle: ImageVector,cupertino-icons-extended/src/commonMain/kotlin/io/github/alexzhirkevich/cupertino/icons/outlined/RecordCircle.kt,34,common source,common source
cupertino-icons-extended,public val CupertinoIcons.Outlined.Recordingtape: ImageVector,cupertino-icons-extended/src/commonMain/kotlin/io/github/alexzhirkevich/cupertino/icons/outlined/Recordingtape.kt,31,common source,common source
cupertino-icons-extended,public val CupertinoIcons.Outlined.RectangleArrowtriangle2Outward: ImageVector,cupertino-icons-extended/src/commonMain/kotlin/io/github/alexzhirkevich/cupertino/icons/outlined/RectangleArrowtriangle2Outward.kt,34,common source,common source
cupertino-icons-extended,public val CupertinoIcons.Outlined.RectangleConnectedToLineBelow: ImageVector,cupertino-icons-extended/src/commonMain/kotlin/io/github/alexzhirkevich/cupertino/icons/outlined/RectangleConnectedToLineBelow.kt,31,common source,common source
cupertino-icons-extended,public val CupertinoIcons.Outlined.RectanglePortraitArrowtriangle2Outward: ImageVector,cupertino-icons-extended/src/commonMain/kotlin/io/github/alexzhirkevich/cupertino/icons/outlined/RectanglePortraitArrowtriangle2Outward.kt,34,common source,common source
cupertino-icons-extended,public val CupertinoIcons.Outlined.RectangleStack: ImageVector,cupertino-icons-extended/src/commonMain/kotlin/io/github/alexzhirkevich/cupertino/icons/outlined/RectangleStack.kt,31,common source,common source
cupertino-icons-extended,public val CupertinoIcons.Outlined.Repeat: ImageVector,cupertino-icons-extended/src/commonMain/kotlin/io/github/alexzhirkevich/cupertino/icons/outlined/Repeat.kt,31,common source,common source
cupertino-icons-extended,public val CupertinoIcons.Outlined.Rosette: ImageVector,cupertino-icons-extended/src/commonMain/kotlin/io/github/alexzhirkevich/cupertino/icons/outlined/Rosette.kt,31,common source,common source
cupertino-icons-extended,public val CupertinoIcons.Outlined.Rotate3d: ImageVector,cupertino-icons-extended/src/commonMain/kotlin/io/github/alexzhirkevich/cupertino/icons/outlined/Rotate3d.kt,31,common source,common source
cupertino-icons-extended,public val CupertinoIcons.Outlined.RotateLeft: ImageVector,cupertino-icons-extended/src/commonMain/kotlin/io/github/alexzhirkevich/cupertino/icons/outlined/RotateLeft.kt,34,common source,common source
cupertino-icons-extended,public val CupertinoIcons.Outlined.RotateRight: ImageVector,cupertino-icons-extended/src/commonMain/kotlin/io/github/alexzhirkevich/cupertino/icons/outlined/RotateRight.kt,34,common source,common source
cupertino-icons-extended,public val CupertinoIcons.Outlined.Rublesign: ImageVector,cupertino-icons-extended/src/commonMain/kotlin/io/github/alexzhirkevich/cupertino/icons/outlined/Rublesign.kt,31,common source,common source
cupertino-icons-extended,public val CupertinoIcons.Outlined.Ruler: ImageVector,cupertino-icons-extended/src/commonMain/kotlin/io/github/alexzhirkevich/cupertino/icons/outlined/Ruler.kt,31,common source,common source
cupertino-icons-extended,public val CupertinoIcons.Outlined.Safari: ImageVector,cupertino-icons-extended/src/commonMain/kotlin/io/github/alexzhirkevich/cupertino/icons/outlined/Safari.kt,34,common source,common source
cupertino-icons-extended,public val CupertinoIcons.Outlined.Scalemass: ImageVector,cupertino-icons-extended/src/commonMain/kotlin/io/github/alexzhirkevich/cupertino/icons/outlined/Scalemass.kt,31,common source,common source
cupertino-icons-extended,public val CupertinoIcons.Outlined.Scissors: ImageVector,cupertino-icons-extended/src/commonMain/kotlin/io/github/alexzhirkevich/cupertino/icons/outlined/Scissors.kt,31,common source,common source
cupertino-icons-extended,public val CupertinoIcons.Outlined.Scope: ImageVector,cupertino-icons-extended/src/commonMain/kotlin/io/github/alexzhirkevich/cupertino/icons/outlined/Scope.kt,31,common source,common source
cupertino-icons-extended,public val CupertinoIcons.Outlined.Scribble: ImageVector,cupertino-icons-extended/src/commonMain/kotlin/io/github/alexzhirkevich/cupertino/icons/outlined/Scribble.kt,31,common source,common source
cupertino-icons-extended,public val CupertinoIcons.Outlined.ScribbleVariable: ImageVector,cupertino-icons-extended/src/commonMain/kotlin/io/github/alexzhirkevich/cupertino/icons/outlined/ScribbleVariable.kt,31,common source,common source
cupertino-icons-extended,public val CupertinoIcons.Outlined.Scroll: ImageVector,cupertino-icons-extended/src/commonMain/kotlin/io/github/alexzhirkevich/cupertino/icons/outlined/Scroll.kt,31,common source,common source
cupertino-icons-extended,public val CupertinoIcons.Outlined.ServerRack: ImageVector,cupertino-icons-extended/src/commonMain/kotlin/io/github/alexzhirkevich/cupertino/icons/outlined/ServerRack.kt,31,common source,common source
cupertino-icons-extended,public val CupertinoIcons.Outlined.Shareplay: ImageVector,cupertino-icons-extended/src/commonMain/kotlin/io/github/alexzhirkevich/cupertino/icons/outlined/Shareplay.kt,34,common source,common source
cupertino-icons-extended,public val CupertinoIcons.Outlined.ShareplaySlash: ImageVector,cupertino-icons-extended/src/commonMain/kotlin/io/github/alexzhirkevich/cupertino/icons/outlined/ShareplaySlash.kt,34,common source,common source
cupertino-icons-extended,public val CupertinoIcons.Outlined.ShazamLogo: ImageVector,cupertino-icons-extended/src/commonMain/kotlin/io/github/alexzhirkevich/cupertino/icons/outlined/ShazamLogo.kt,34,common source,common source
cupertino-icons-extended,public val CupertinoIcons.Outlined.Shield: ImageVector,cupertino-icons-extended/src/commonMain/kotlin/io/github/alexzhirkevich/cupertino/icons/outlined/Shield.kt,31,common source,common source
cupertino-icons-extended,public val CupertinoIcons.Outlined.ShieldSlash: ImageVector,cupertino-icons-extended/src/commonMain/kotlin/io/github/alexzhirkevich/cupertino/icons/outlined/ShieldSlash.kt,34,common source,common source
cupertino-icons-extended,public val CupertinoIcons.Outlined.Shippingbox: ImageVector,cupertino-icons-extended/src/commonMain/kotlin/io/github/alexzhirkevich/cupertino/icons/outlined/Shippingbox.kt,31,common source,common source
cupertino-icons-extended,public val CupertinoIcons.Outlined.Shuffle: ImageVector,cupertino-icons-extended/src/commonMain/kotlin/io/github/alexzhirkevich/cupertino/icons/outlined/Shuffle.kt,31,common source,common source
cupertino-icons-extended,public val CupertinoIcons.Outlined.SidebarLeft: ImageVector,cupertino-icons-extended/src/commonMain/kotlin/io/github/alexzhirkevich/cupertino/icons/outlined/SidebarLeft.kt,31,common source,common source
cupertino-icons-extended,public val CupertinoIcons.Outlined.SidebarRight: ImageVector,cupertino-icons-extended/src/commonMain/kotlin/io/github/alexzhirkevich/cupertino/icons/outlined/SidebarRight.kt,31,common source,common source
cupertino-icons-extended,public val CupertinoIcons.Outlined.Simcard: ImageVector,cupertino-icons-extended/src/commonMain/kotlin/io/github/alexzhirkevich/cupertino/icons/outlined/Simcard.kt,34,common source,common source
cupertino-icons-extended,public val CupertinoIcons.Outlined.Skew: ImageVector,cupertino-icons-extended/src/commonMain/kotlin/io/github/alexzhirkevich/cupertino/icons/outlined/Skew.kt,31,common source,common source
cupertino-icons-extended,public val CupertinoIcons.Outlined.SliderHorizontal3: ImageVector,cupertino-icons-extended/src/commonMain/kotlin/io/github/alexzhirkevich/cupertino/icons/outlined/SliderHorizontal3.kt,31,common source,common source
cupertino-icons-extended,public val CupertinoIcons.Outlined.SliderVertical3: ImageVector,cupertino-icons-extended/src/commonMain/kotlin/io/github/alexzhirkevich/cupertino/icons/outlined/SliderVertical3.kt,31,common source,common source
cupertino-icons-extended,public val CupertinoIcons.Outlined.Snowflake: ImageVector,cupertino-icons-extended/src/commonMain/kotlin/io/github/alexzhirkevich/cupertino/icons/outlined/Snowflake.kt,31,common source,common source
cupertino-icons-extended,public val CupertinoIcons.Outlined.Soccerball: ImageVector,cupertino-icons-extended/src/commonMain/kotlin/io/github/alexzhirkevich/cupertino/icons/outlined/Soccerball.kt,31,common source,common source
cupertino-icons-extended,public val CupertinoIcons.Outlined.Space: ImageVector,cupertino-icons-extended/src/commonMain/kotlin/io/github/alexzhirkevich/cupertino/icons/outlined/Space.kt,31,common source,common source
cupertino-icons-extended,public val CupertinoIcons.Outlined.Sparkle: ImageVector,cupertino-icons-extended/src/commonMain/kotlin/io/github/alexzhirkevich/cupertino/icons/outlined/Sparkle.kt,31,common source,common source
cupertino-icons-extended,public val CupertinoIcons.Outlined.Sparkles: ImageVector,cupertino-icons-extended/src/commonMain/kotlin/io/github/alexzhirkevich/cupertino/icons/outlined/Sparkles.kt,31,common source,common source
cupertino-icons-extended,public val CupertinoIcons.Outlined.Speaker: ImageVector,cupertino-icons-extended/src/commonMain/kotlin/io/github/alexzhirkevich/cupertino/icons/outlined/Speaker.kt,31,common source,common source
cupertino-icons-extended,public val CupertinoIcons.Outlined.SpeakerMinus: ImageVector,cupertino-icons-extended/src/commonMain/kotlin/io/github/alexzhirkevich/cupertino/icons/outlined/SpeakerMinus.kt,34,common source,common source
cupertino-icons-extended,public val CupertinoIcons.Outlined.SpeakerPlus: ImageVector,cupertino-icons-extended/src/commonMain/kotlin/io/github/alexzhirkevich/cupertino/icons/outlined/SpeakerPlus.kt,34,common source,common source
cupertino-icons-extended,public val CupertinoIcons.Outlined.SpeakerSlash: ImageVector,cupertino-icons-extended/src/commonMain/kotlin/io/github/alexzhirkevich/cupertino/icons/outlined/SpeakerSlash.kt,34,common source,common source
cupertino-icons-extended,public val CupertinoIcons.Outlined.SpeakerWave2: ImageVector,cupertino-icons-extended/src/commonMain/kotlin/io/github/alexzhirkevich/cupertino/icons/outlined/SpeakerWave2.kt,34,common source,common source
cupertino-icons-extended,public val CupertinoIcons.Outlined.Speedometer: ImageVector,cupertino-icons-extended/src/commonMain/kotlin/io/github/alexzhirkevich/cupertino/icons/outlined/Speedometer.kt,34,common source,common source
cupertino-icons-extended,public val CupertinoIcons.Outlined.Square3Layers3dDownLeft: ImageVector,cupertino-icons-extended/src/commonMain/kotlin/io/github/alexzhirkevich/cupertino/icons/outlined/Square3Layers3dDownLeft.kt,34,common source,common source
cupertino-icons-extended,public val CupertinoIcons.Outlined.Square3Layers3dDownRight: ImageVector,cupertino-icons-extended/src/commonMain/kotlin/io/github/alexzhirkevich/cupertino/icons/outlined/Square3Layers3dDownRight.kt,34,common source,common source
cupertino-icons-extended,public val CupertinoIcons.Outlined.SquareOnSquare: ImageVector,cupertino-icons-extended/src/commonMain/kotlin/io/github/alexzhirkevich/cupertino/icons/outlined/SquareOnSquare.kt,34,common source,common source
cupertino-icons-extended,public val CupertinoIcons.Outlined.SquareSplit1x2: ImageVector,cupertino-icons-extended/src/commonMain/kotlin/io/github/alexzhirkevich/cupertino/icons/outlined/SquareSplit1x2.kt,31,common source,common source
cupertino-icons-extended,public val CupertinoIcons.Outlined.SquareSplit2x1: ImageVector,cupertino-icons-extended/src/commonMain/kotlin/io/github/alexzhirkevich/cupertino/icons/outlined/SquareSplit2x1.kt,31,common source,common source
cupertino-icons-extended,public val CupertinoIcons.Outlined.SquareStack: ImageVector,cupertino-icons-extended/src/commonMain/kotlin/io/github/alexzhirkevich/cupertino/icons/outlined/SquareStack.kt,31,common source,common source
cupertino-icons-extended,public val CupertinoIcons.Outlined.SquareStack3dUp: ImageVector,cupertino-icons-extended/src/commonMain/kotlin/io/github/alexzhirkevich/cupertino/icons/outlined/SquareStack3dUp.kt,34,common source,common source
cupertino-icons-extended,public val CupertinoIcons.Outlined.StarSlash: ImageVector,cupertino-icons-extended/src/commonMain/kotlin/io/github/alexzhirkevich/cupertino/icons/outlined/StarSlash.kt,34,common source,common source
cupertino-icons-extended,public val CupertinoIcons.Outlined.Staroflife: ImageVector,cupertino-icons-extended/src/commonMain/kotlin/io/github/alexzhirkevich/cupertino/icons/outlined/Staroflife.kt,31,common source,common source
cupertino-icons-extended,public val CupertinoIcons.Outlined.Sterlingsign: ImageVector,cupertino-icons-extended/src/commonMain/kotlin/io/github/alexzhirkevich/cupertino/icons/outlined/Sterlingsign.kt,31,common source,common source
cupertino-icons-extended,public val CupertinoIcons.Outlined.Stethoscope: ImageVector,cupertino-icons-extended/src/commonMain/kotlin/io/github/alexzhirkevich/cupertino/icons/outlined/Stethoscope.kt,34,common source,common source
cupertino-icons-extended,public val CupertinoIcons.Outlined.Stop: ImageVector,cupertino-icons-extended/src/commonMain/kotlin/io/github/alexzhirkevich/cupertino/icons/outlined/Stop.kt,31,common source,common source
cupertino-icons-extended,public val CupertinoIcons.Outlined.StopCircle: ImageVector,cupertino-icons-extended/src/commonMain/kotlin/io/github/alexzhirkevich/cupertino/icons/outlined/StopCircle.kt,34,common source,common source
cupertino-icons-extended,public val CupertinoIcons.Outlined.Suitcase: ImageVector,cupertino-icons-extended/src/commonMain/kotlin/io/github/alexzhirkevich/cupertino/icons/outlined/Suitcase.kt,31,common source,common source
cupertino-icons-extended,public val CupertinoIcons.Outlined.Sum: ImageVector,cupertino-icons-extended/src/commonMain/kotlin/io/github/alexzhirkevich/cupertino/icons/outlined/Sum.kt,31,common source,common source
cupertino-icons-extended,public val CupertinoIcons.Outlined.SunMax: ImageVector,cupertino-icons-extended/src/commonMain/kotlin/io/github/alexzhirkevich/cupertino/icons/outlined/SunMax.kt,31,common source,common source
cupertino-icons-extended,public val CupertinoIcons.Outlined.Swift: ImageVector,cupertino-icons-extended/src/commonMain/kotlin/io/github/alexzhirkevich/cupertino/icons/outlined/Swift.kt,31,common source,common source
cupertino-icons-extended,public val CupertinoIcons.Outlined.Tag: ImageVector,cupertino-icons-extended/src/commonMain/kotlin/io/github/alexzhirkevich/cupertino/icons/outlined/Tag.kt,31,common source,common source
cupertino-icons-extended,public val CupertinoIcons.Outlined.Target: ImageVector,cupertino-icons-extended/src/commonMain/kotlin/io/github/alexzhirkevich/cupertino/icons/outlined/Target.kt,34,common source,common source
cupertino-icons-extended,public val CupertinoIcons.Outlined.TennisRacket: ImageVector,cupertino-icons-extended/src/commonMain/kotlin/io/github/alexzhirkevich/cupertino/icons/outlined/TennisRacket.kt,31,common source,common source
cupertino-icons-extended,public val CupertinoIcons.Outlined.Terminal: ImageVector,cupertino-icons-extended/src/commonMain/kotlin/io/github/alexzhirkevich/cupertino/icons/outlined/Terminal.kt,31,common source,common source
cupertino-icons-extended,public val CupertinoIcons.Outlined.TextBubble: ImageVector,cupertino-icons-extended/src/commonMain/kotlin/io/github/alexzhirkevich/cupertino/icons/outlined/TextBubble.kt,34,common source,common source
cupertino-icons-extended,public val CupertinoIcons.Outlined.TextMagnifyingglass: ImageVector,cupertino-icons-extended/src/commonMain/kotlin/io/github/alexzhirkevich/cupertino/icons/outlined/TextMagnifyingglass.kt,31,common source,common source
cupertino-icons-extended,public val CupertinoIcons.Outlined.Theatermasks: ImageVector,cupertino-icons-extended/src/commonMain/kotlin/io/github/alexzhirkevich/cupertino/icons/outlined/Theatermasks.kt,34,common source,common source
cupertino-icons-extended,public val CupertinoIcons.Outlined.Timer: ImageVector,cupertino-icons-extended/src/commonMain/kotlin/io/github/alexzhirkevich/cupertino/icons/outlined/Timer.kt,34,common source,common source
cupertino-icons-extended,public val CupertinoIcons.Outlined.Touchid: ImageVector,cupertino-icons-extended/src/commonMain/kotlin/io/github/alexzhirkevich/cupertino/icons/outlined/Touchid.kt,34,common source,common source
cupertino-icons-extended,public val CupertinoIcons.Outlined.TrashSlash: ImageVector,cupertino-icons-extended/src/commonMain/kotlin/io/github/alexzhirkevich/cupertino/icons/outlined/TrashSlash.kt,34,common source,common source
cupertino-icons-extended,public val CupertinoIcons.Outlined.TrayAndArrowDown: ImageVector,cupertino-icons-extended/src/commonMain/kotlin/io/github/alexzhirkevich/cupertino/icons/outlined/TrayAndArrowDown.kt,34,common source,common source
cupertino-icons-extended,public val CupertinoIcons.Outlined.TrayAndArrowUp: ImageVector,cupertino-icons-extended/src/commonMain/kotlin/io/github/alexzhirkevich/cupertino/icons/outlined/TrayAndArrowUp.kt,34,common source,common source
cupertino-icons-extended,public val CupertinoIcons.Outlined.Trophy: ImageVector,cupertino-icons-extended/src/commonMain/kotlin/io/github/alexzhirkevich/cupertino/icons/outlined/Trophy.kt,31,common source,common source
cupertino-icons-extended,public val CupertinoIcons.Outlined.Tshirt: ImageVector,cupertino-icons-extended/src/commonMain/kotlin/io/github/alexzhirkevich/cupertino/icons/outlined/Tshirt.kt,31,common source,common source
cupertino-icons-extended,public val CupertinoIcons.Outlined.Tv: ImageVector,cupertino-icons-extended/src/commonMain/kotlin/io/github/alexzhirkevich/cupertino/icons/outlined/Tv.kt,31,common source,common source
cupertino-icons-extended,public val CupertinoIcons.Outlined.Umbrella: ImageVector,cupertino-icons-extended/src/commonMain/kotlin/io/github/alexzhirkevich/cupertino/icons/outlined/Umbrella.kt,31,common source,common source
cupertino-icons-extended,public val CupertinoIcons.Outlined.Video: ImageVector,cupertino-icons-extended/src/commonMain/kotlin/io/github/alexzhirkevich/cupertino/icons/outlined/Video.kt,31,common source,common source
cupertino-icons-extended,public val CupertinoIcons.Outlined.VideoCircle: ImageVector,cupertino-icons-extended/src/commonMain/kotlin/io/github/alexzhirkevich/cupertino/icons/outlined/VideoCircle.kt,34,common source,common source
cupertino-icons-extended,public val CupertinoIcons.Outlined.VideoSlash: ImageVector,cupertino-icons-extended/src/commonMain/kotlin/io/github/alexzhirkevich/cupertino/icons/outlined/VideoSlash.kt,34,common source,common source
cupertino-icons-extended,public val CupertinoIcons.Outlined.Volleyball: ImageVector,cupertino-icons-extended/src/commonMain/kotlin/io/github/alexzhirkevich/cupertino/icons/outlined/Volleyball.kt,31,common source,common source
cupertino-icons-extended,public val CupertinoIcons.Outlined.WalletPass: ImageVector,cupertino-icons-extended/src/commonMain/kotlin/io/github/alexzhirkevich/cupertino/icons/outlined/WalletPass.kt,31,common source,common source
cupertino-icons-extended,public val CupertinoIcons.Outlined.WandAndStars: ImageVector,cupertino-icons-extended/src/commonMain/kotlin/io/github/alexzhirkevich/cupertino/icons/outlined/WandAndStars.kt,34,common source,common source
cupertino-icons-extended,public val CupertinoIcons.Outlined.WandAndStarsInverse: ImageVector,cupertino-icons-extended/src/commonMain/kotlin/io/github/alexzhirkevich/cupertino/icons/outlined/WandAndStarsInverse.kt,34,common source,common source
cupertino-icons-extended,public val CupertinoIcons.Outlined.Waveform: ImageVector,cupertino-icons-extended/src/commonMain/kotlin/io/github/alexzhirkevich/cupertino/icons/outlined/Waveform.kt,34,common source,common source
cupertino-icons-extended,public val CupertinoIcons.Outlined.WaveformAndMagnifyingglass: ImageVector,cupertino-icons-extended/src/commonMain/kotlin/io/github/alexzhirkevich/cupertino/icons/outlined/WaveformAndMagnifyingglass.kt,34,common source,common source
cupertino-icons-extended,public val CupertinoIcons.Outlined.WaveformAndMic: ImageVector,cupertino-icons-extended/src/commonMain/kotlin/io/github/alexzhirkevich/cupertino/icons/outlined/WaveformAndMic.kt,34,common source,common source
cupertino-icons-extended,public val CupertinoIcons.Outlined.WaveformPathEcg: ImageVector,cupertino-icons-extended/src/commonMain/kotlin/io/github/alexzhirkevich/cupertino/icons/outlined/WaveformPathEcg.kt,31,common source,common source
cupertino-icons-extended,public val CupertinoIcons.Outlined.WebCamera: ImageVector,cupertino-icons-extended/src/commonMain/kotlin/io/github/alexzhirkevich/cupertino/icons/outlined/WebCamera.kt,34,common source,common source
cupertino-icons-extended,public val CupertinoIcons.Outlined.Wifi: ImageVector,cupertino-icons-extended/src/commonMain/kotlin/io/github/alexzhirkevich/cupertino/icons/outlined/Wifi.kt,34,common source,common source
cupertino-icons-extended,public val CupertinoIcons.Outlined.WifiExclamationmark: ImageVector,cupertino-icons-extended/src/commonMain/kotlin/io/github/alexzhirkevich/cupertino/icons/outlined/WifiExclamationmark.kt,34,common source,common source
cupertino-icons-extended,public val CupertinoIcons.Outlined.WifiRouter: ImageVector,cupertino-icons-extended/src/commonMain/kotlin/io/github/alexzhirkevich/cupertino/icons/outlined/WifiRouter.kt,34,common source,common source
cupertino-icons-extended,public val CupertinoIcons.Outlined.WifiSlash: ImageVector,cupertino-icons-extended/src/commonMain/kotlin/io/github/alexzhirkevich/cupertino/icons/outlined/WifiSlash.kt,34,common source,common source
cupertino-icons-extended,public val CupertinoIcons.Outlined.Wind: ImageVector,cupertino-icons-extended/src/commonMain/kotlin/io/github/alexzhirkevich/cupertino/icons/outlined/Wind.kt,31,common source,common source
cupertino-icons-extended,public val CupertinoIcons.Outlined.Wineglass: ImageVector,cupertino-icons-extended/src/commonMain/kotlin/io/github/alexzhirkevich/cupertino/icons/outlined/Wineglass.kt,31,common source,common source
cupertino-icons-extended,public val CupertinoIcons.Outlined.XmarkApp: ImageVector,cupertino-icons-extended/src/commonMain/kotlin/io/github/alexzhirkevich/cupertino/icons/outlined/XmarkApp.kt,34,common source,common source
cupertino-icons-extended,public val CupertinoIcons.Outlined.XmarkBin: ImageVector,cupertino-icons-extended/src/commonMain/kotlin/io/github/alexzhirkevich/cupertino/icons/outlined/XmarkBin.kt,34,common source,common source
cupertino-icons-extended,public val CupertinoIcons.Outlined.XmarkIcloud: ImageVector,cupertino-icons-extended/src/commonMain/kotlin/io/github/alexzhirkevich/cupertino/icons/outlined/XmarkIcloud.kt,34,common source,common source
cupertino-icons-extended,public val CupertinoIcons.Outlined.XmarkSeal: ImageVector,cupertino-icons-extended/src/commonMain/kotlin/io/github/alexzhirkevich/cupertino/icons/outlined/XmarkSeal.kt,34,common source,common source
cupertino-icons-extended,public val CupertinoIcons.Outlined.XmarkShield: ImageVector,cupertino-icons-extended/src/commonMain/kotlin/io/github/alexzhirkevich/cupertino/icons/outlined/XmarkShield.kt,34,common source,common source
cupertino-icons-extended,public val CupertinoIcons.Outlined.Yensign: ImageVector,cupertino-icons-extended/src/commonMain/kotlin/io/github/alexzhirkevich/cupertino/icons/outlined/Yensign.kt,31,common source,common source
cupertino-icons-extended,public val CupertinoIcons.Outlined.Zzz: ImageVector,cupertino-icons-extended/src/commonMain/kotlin/io/github/alexzhirkevich/cupertino/icons/outlined/Zzz.kt,31,common source,common source
cupertino-icons-extended,public val CupertinoIcons.Outlined._4kTv: ImageVector,cupertino-icons-extended/src/commonMain/kotlin/io/github/alexzhirkevich/cupertino/icons/outlined/_4kTv.kt,34,common source,common source
